{
  "course": "Financial Accounting",
  "topics": [
    {
      "syllabus_topic": "Accounting Process",
      "matched_lecture_topics": [
        {
          "lecture_topic": "Accounting Standards and Principles",
          "topic_semantic_match_score": 87.65,
          "matched_subtopics": [
            {
              "lecture_subtopic": "Dual Aspect and Cost Concept in Accounting",
              "matched_with_syllabus_subtopic": "Profit and Loss Account and Balance Sheet(Sole Proprietorship only).",
              "semantic_match_score": 81.42        
            },
            {
              "lecture_subtopic": "Importance of Accounting Concepts",
              "matched_with_syllabus_subtopic": "From recording of a business transaction to preparation of trial balance including adjustments: Capital and Revenue expenditure & receipts",
              "semantic_match_score": 78.35
            },
            {
              "lecture_subtopic": "The Business Entity Concept in Accounting",
              "matched_with_syllabus_subtopic": "Profit and Loss Account and Balance Sheet(Sole Proprietorship only).",
              "semantic_match_score": 82.74
            },
            {
              "lecture_subtopic": "The Going Concern Assumption in Accounting",
              "matched_with_syllabus_subtopic": "Profit and Loss Account and Balance Sheet(Sole Proprietorship only).",
              "semantic_match_score": 80.73
            },
            {
              "lecture_subtopic": "Understanding Accounting Principles and Standards",
              "matched_with_syllabus_subtopic": "From recording of a business transaction to preparation of trial balance including adjustments: Capital and Revenue expenditure & receipts",
              "semantic_match_score": 82.04
            }
          ]
        },
        {
          "lecture_topic": "Corporate Governance in Financial Accounting",
          "topic_semantic_match_score": 85.08,
          "matched_subtopics": [
            {
              "lecture_subtopic": "Governance Structures and Principles",
              "matched_with_syllabus_subtopic": "Profit and Loss Account and Balance Sheet(Sole Proprietorship only).",
              "semantic_match_score": 74.59
            },
            {
              "lecture_subtopic": "Mechanisms",
              "matched_with_syllabus_subtopic": "From recording of a business transaction to preparation of trial balance including adjustments: Capital and Revenue expenditure & receipts",
              "semantic_match_score": 75.12
            },
            {
              "lecture_subtopic": "Processes",
              "matched_with_syllabus_subtopic": "From recording of a business transaction to preparation of trial balance including adjustments: Capital and Revenue expenditure & receipts",
              "semantic_match_score": 76.74
            },
            {
              "lecture_subtopic": "Rights and Responsibilities Distribution in Governance",
              "matched_with_syllabus_subtopic": "From recording of a business transaction to preparation of trial balance including adjustments: Capital and Revenue expenditure & receipts",
              "semantic_match_score": 75.1
            },
            {
              "lecture_subtopic": "Role of Shareholders in Corporate Governance",
              "matched_with_syllabus_subtopic": "Profit and Loss Account and Balance Sheet(Sole Proprietorship only).",
              "semantic_match_score": 75.94
            },
            {
              "lecture_subtopic": "Understanding the Concept of Corporate Governance",
              "matched_with_syllabus_subtopic": "From recording of a business transaction to preparation of trial balance including adjustments: Capital and Revenue expenditure & receipts",
              "semantic_match_score": 75.3
            },
            {
              "lecture_subtopic": "and Relationships in Governance",
              "matched_with_syllabus_subtopic": "From recording of a business transaction to preparation of trial balance including adjustments: Capital and Revenue expenditure & receipts",
              "semantic_match_score": 74.81
            }
          ]
        },
        {
          "lecture_topic": "Corporate Governance: Enron Case",
          "topic_semantic_match_score": 78.57,
          "matched_subtopics": [
            {
              "lecture_subtopic": "Enron Case Background and Bankruptcy Story",
              "matched_with_syllabus_subtopic": "Profit and Loss Account and Balance Sheet(Sole Proprietorship only).",
              "semantic_match_score": 55.54
            },
            {
              "lecture_subtopic": "Global Models of Governance",
              "matched_with_syllabus_subtopic": "From recording of a business transaction to preparation of trial balance including adjustments: Capital and Revenue expenditure & receipts",
              "semantic_match_score": 72.14
            },
            {
              "lecture_subtopic": "Impact of Enron Case on Global Governance Mechanism",
              "matched_with_syllabus_subtopic": "From recording of a business transaction to preparation of trial balance including adjustments: Capital and Revenue expenditure & receipts",
              "semantic_match_score": 52.4
            },
            {
              "lecture_subtopic": "Overview of Corporate Governance",
              "matched_with_syllabus_subtopic": "From recording of a business transaction to preparation of trial balance including adjustments: Capital and Revenue expenditure & receipts",
              "semantic_match_score": 76.03
            },
            {
              "lecture_subtopic": "Role of Shareholders in Enron",
              "matched_with_syllabus_subtopic": "Profit and Loss Account and Balance Sheet(Sole Proprietorship only).",
              "semantic_match_score": 74.82
            }
          ]
        },
        {
          "lecture_topic": "Evolution of Accounting",
          "topic_semantic_match_score": 87.57,
          "matched_subtopics": [
            {
              "lecture_subtopic": "Accounting Period Concept",
              "matched_with_syllabus_subtopic": "From recording of a business transaction to preparation of trial balance including adjustments: Capital and Revenue expenditure & receipts",
              "semantic_match_score": 81.54
            },
            {
              "lecture_subtopic": "Concepts and Principles of Accounting",
              "matched_with_syllabus_subtopic": "From recording of a business transaction to preparation of trial balance including adjustments: Capital and Revenue expenditure & receipts",
              "semantic_match_score": 82.97
            },
            {
              "lecture_subtopic": "Financial Instruments in Ancient Accounting",
              "matched_with_syllabus_subtopic": "From recording of a business transaction to preparation of trial balance including adjustments: Capital and Revenue expenditure & receipts",
              "semantic_match_score": 79.34
            },
            {
              "lecture_subtopic": "Role of Festivals in Accounting Practices",
              "matched_with_syllabus_subtopic": "From recording of a business transaction to preparation of trial balance including adjustments: Capital and Revenue expenditure & receipts",
              "semantic_match_score": 80.44
            },
            {
              "lecture_subtopic": "Tradition of Preparing Chopadis",
              "matched_with_syllabus_subtopic": "Preparation trial balance",
              "semantic_match_score": 65.86
            }
          ]
        },
        {
          "lecture_topic": "Financial Accounting Revision",
          "topic_semantic_match_score": 87.13,
          "matched_subtopics": [
            {
              "lecture_subtopic": "Accounting as a Language of Business",
              "matched_with_syllabus_subtopic": "From recording of a business transaction to preparation of trial balance including adjustments: Capital and Revenue expenditure & receipts",
              "semantic_match_score": 81.12
            },
            {
              "lecture_subtopic": "Assets and Liabilities in Business",
              "matched_with_syllabus_subtopic": "Profit and Loss Account and Balance Sheet(Sole Proprietorship only).",
              "semantic_match_score": 84.58
            },
            {
              "lecture_subtopic": "Importance of Accounting Knowledge",
              "matched_with_syllabus_subtopic": "From recording of a business transaction to preparation of trial balance including adjustments: Capital and Revenue expenditure & receipts",
              "semantic_match_score": 79.74
            },
            {
              "lecture_subtopic": "Introduction to Balance Sheet",
              "matched_with_syllabus_subtopic": "Profit and Loss Account and Balance Sheet(Sole Proprietorship only).",
              "semantic_match_score": 84.29
            },
            {
              "lecture_subtopic": "Understanding Financial Statements",
              "matched_with_syllabus_subtopic": "From recording of a business transaction to preparation of trial balance including adjustments: Capital and Revenue expenditure & receipts",
              "semantic_match_score": 82.97
            }
          ]
        },
        {
          "lecture_topic": "Financial Statement Analysis: RIL Case Study",
          "topic_semantic_match_score": 80.51,
          "matched_subtopics": [
            {
              "lecture_subtopic": "Components of Fundamental Analysis: Company",
              "matched_with_syllabus_subtopic": "Profit and Loss Account and Balance Sheet(Sole Proprietorship only).",
              "semantic_match_score": 75.65
            },
            {
              "lecture_subtopic": "Fundamental vs Technical Analysis",
              "matched_with_syllabus_subtopic": "From recording of a business transaction to preparation of trial balance including adjustments: Capital and Revenue expenditure & receipts",
              "semantic_match_score": 73.21
            },
            {
              "lecture_subtopic": "Industry",
              "matched_with_syllabus_subtopic": "From recording of a business transaction to preparation of trial balance including adjustments: Capital and Revenue expenditure & receipts",
              "semantic_match_score": 75.59
            },
            {
              "lecture_subtopic": "Overview of Reliance Industries Limited",
              "matched_with_syllabus_subtopic": "Profit and Loss Account and Balance Sheet(Sole Proprietorship only).",
              "semantic_match_score": 74.96
            },
            {
              "lecture_subtopic": "Ratio-based Company Analysis",
              "matched_with_syllabus_subtopic": "Profit and Loss Account and Balance Sheet(Sole Proprietorship only).",
              "semantic_match_score": 76.32
            },
            {
              "lecture_subtopic": "Shareholding Pattern of Reliance Industries Limited",
              "matched_with_syllabus_subtopic": "Profit and Loss Account and Balance Sheet(Sole Proprietorship only).",
              "semantic_match_score": 75.98
            },
            {
              "lecture_subtopic": "and Economy Analysis",
              "matched_with_syllabus_subtopic": "From recording of a business transaction to preparation of trial balance including adjustments: Capital and Revenue expenditure & receipts",
              "semantic_match_score": 78.7
            }
          ]
        },
        {
          "lecture_topic": "Financial Statement Analysis: TCS Case",
          "topic_semantic_match_score": 81.63,
          "matched_subtopics": [
            {
              "lecture_subtopic": "Analysis of Price and Share Holding Data",
              "matched_with_syllabus_subtopic": "Profit and Loss Account and Balance Sheet(Sole Proprietorship only).",
              "semantic_match_score": 76.37
            },
            {
              "lecture_subtopic": "Calculation and Interpretation of Financial Ratios",
              "matched_with_syllabus_subtopic": "Profit and Loss Account and Balance Sheet(Sole Proprietorship only).",
              "semantic_match_score": 79.81
            },
            {
              "lecture_subtopic": "Horizontal and Vertical Analysis of Financial Statements",
              "matched_with_syllabus_subtopic": "Profit and Loss Account and Balance Sheet(Sole Proprietorship only).",
              "semantic_match_score": 82.36
            },
            {
              "lecture_subtopic": "Overview of TCS Limited and its Financials",
              "matched_with_syllabus_subtopic": "Profit and Loss Account and Balance Sheet(Sole Proprietorship only).",
              "semantic_match_score": 78.36
            },
            {
              "lecture_subtopic": "Understanding Market Capitalization",
              "matched_with_syllabus_subtopic": "From recording of a business transaction to preparation of trial balance including adjustments: Capital and Revenue expenditure & receipts",
              "semantic_match_score": 78.29
            }
          ]
        },
        {
          "lecture_topic": "Financial Statement Analysis: TCS Case 2",
          "topic_semantic_match_score": 82.49,
          "matched_subtopics": [
            {
              "lecture_subtopic": "Analysis of Income Data",
              "matched_with_syllabus_subtopic": "From recording of a business transaction to preparation of trial balance including adjustments: Capital and Revenue expenditure & receipts",
              "semantic_match_score": 77.74
            },
            {
              "lecture_subtopic": "Analysis of Market Data",
              "matched_with_syllabus_subtopic": "From recording of a business transaction to preparation of trial balance including adjustments: Capital and Revenue expenditure & receipts",
              "semantic_match_score": 75.47
            },
            {
              "lecture_subtopic": "Analysis of Net Working Capital to Sales Ratio",
              "matched_with_syllabus_subtopic": "Profit and Loss Account and Balance Sheet(Sole Proprietorship only).",
              "semantic_match_score": 78.5
            },
            {
              "lecture_subtopic": "Balance Sheet Data",
              "matched_with_syllabus_subtopic": "Profit and Loss Account and Balance Sheet(Sole Proprietorship only).",
              "semantic_match_score": 83.95
            },
            {
              "lecture_subtopic": "Calculation and Analysis of Combined Ratios",
              "matched_with_syllabus_subtopic": "Preparation trial balance",
              "semantic_match_score": 78.14
            },
            {
              "lecture_subtopic": "Calculation of Basic Ratios Related to P and L",
              "matched_with_syllabus_subtopic": "Profit and Loss Account and Balance Sheet(Sole Proprietorship only).",
              "semantic_match_score": 80.46
            },
            {
              "lecture_subtopic": "Equity Market Data",
              "matched_with_syllabus_subtopic": "From recording of a business transaction to preparation of trial balance including adjustments: Capital and Revenue expenditure & receipts",
              "semantic_match_score": 75.96
            }
          ]
        },
        {
          "lecture_topic": "Introduction to Financial Accounting",
          "topic_semantic_match_score": 88.2,
          "matched_subtopics": [
            {
              "lecture_subtopic": "Assignments and Coursework in Accounting",
              "matched_with_syllabus_subtopic": "From recording of a business transaction to preparation of trial balance including adjustments: Capital and Revenue expenditure & receipts",
              "semantic_match_score": 82.49
            },
            {
              "lecture_subtopic": "Comparison between Financial and Cost Accounting",
              "matched_with_syllabus_subtopic": "Profit and Loss Account and Balance Sheet(Sole Proprietorship only).",
              "semantic_match_score": 80.89
            },
            {
              "lecture_subtopic": "Importance of Accounting for Non-Commerce Students",
              "matched_with_syllabus_subtopic": "From recording of a business transaction to preparation of trial balance including adjustments: Capital and Revenue expenditure & receipts",
              "semantic_match_score": 78.66
            },
            {
              "lecture_subtopic": "Role and Scope of Accounting",
              "matched_with_syllabus_subtopic": "From recording of a business transaction to preparation of trial balance including adjustments: Capital and Revenue expenditure & receipts",
              "semantic_match_score": 82.37
            },
            {
              "lecture_subtopic": "Understanding Financial Statements",
              "matched_with_syllabus_subtopic": "From recording of a business transaction to preparation of trial balance including adjustments: Capital and Revenue expenditure & receipts",
              "semantic_match_score": 82.97
            }
          ]
        },
        {
          "lecture_topic": "Inventory Valuation in Financial Accounting",
          "topic_semantic_match_score": 84.33,
          "matched_subtopics": [
            {
              "lecture_subtopic": "Definition and Understanding of Inventory",
              "matched_with_syllabus_subtopic": "Profit and Loss Account and Balance Sheet(Sole Proprietorship only).",
              "semantic_match_score": 75.68
            },
            {
              "lecture_subtopic": "Distinction between Inventory and Fixed Assets",
              "matched_with_syllabus_subtopic": "Profit and Loss Account and Balance Sheet(Sole Proprietorship only).",
              "semantic_match_score": 78.92
            },
            {
              "lecture_subtopic": "Finished Goods",
              "matched_with_syllabus_subtopic": "From recording of a business transaction to preparation of trial balance including adjustments: Capital and Revenue expenditure & receipts",
              "semantic_match_score": 78.0
            },
            {
              "lecture_subtopic": "Inventory Valuation Methods",
              "matched_with_syllabus_subtopic": "Profit and Loss Account and Balance Sheet(Sole Proprietorship only).",
              "semantic_match_score": 77.05
            },
            {
              "lecture_subtopic": "Role of Inventory in Balance Sheet and Profit & Loss Account",
              "matched_with_syllabus_subtopic": "Profit and Loss Account and Balance Sheet(Sole Proprietorship only).",
              "semantic_match_score": 87.45
            },
            {
              "lecture_subtopic": "Types of Inventory: Raw Material",
              "matched_with_syllabus_subtopic": "From recording of a business transaction to preparation of trial balance including adjustments: Capital and Revenue expenditure & receipts",
              "semantic_match_score": 76.75
            },
            {
              "lecture_subtopic": "Work in Progress",
              "matched_with_syllabus_subtopic": "Preparation trial balance",
              "semantic_match_score": 78.37
            }
          ]
        },
        {
          "lecture_topic": "Profit and Loss Account Preparation",
          "topic_semantic_match_score": 86.19,
          "matched_subtopics": [
            {
              "lecture_subtopic": "Basics of Financial Statements",
              "matched_with_syllabus_subtopic": "Profit and Loss Account and Balance Sheet(Sole Proprietorship only).",
              "semantic_match_score": 83.44
            },
            {
              "lecture_subtopic": "Calculation of Profit in Income Statement",
              "matched_with_syllabus_subtopic": "Profit and Loss Account and Balance Sheet(Sole Proprietorship only).",
              "semantic_match_score": 83.58
            },
            {
              "lecture_subtopic": "Categories of Expenses and Income",
              "matched_with_syllabus_subtopic": "From recording of a business transaction to preparation of trial balance including adjustments: Capital and Revenue expenditure & receipts",
              "semantic_match_score": 82.93
            },
            {
              "lecture_subtopic": "Income Statement or Profit and Loss Account Formats",
              "matched_with_syllabus_subtopic": "Profit and Loss Account and Balance Sheet(Sole Proprietorship only).",
              "semantic_match_score": 87.93
            },
            {
              "lecture_subtopic": "Understanding Operating Expenses and Profit Before Interest and Tax (PBIT)",
              "matched_with_syllabus_subtopic": "Profit and Loss Account and Balance Sheet(Sole Proprietorship only).",
              "semantic_match_score": 80.68
            }
          ]
        },
        {
          "lecture_topic": "Ratio Analysis and Interpretation",
          "topic_semantic_match_score": 79.51,
          "matched_subtopics": [
            {
              "lecture_subtopic": "Calculation and Interpretation of Current Ratio",
              "matched_with_syllabus_subtopic": "Preparation trial balance",
              "semantic_match_score": 77.82
            },
            {
              "lecture_subtopic": "Importance and Uses of Ratios in Business Decision Making",
              "matched_with_syllabus_subtopic": "Profit and Loss Account and Balance Sheet(Sole Proprietorship only).",
              "semantic_match_score": 77.34
            },
            {
              "lecture_subtopic": "Industry Variations in Acceptable Ratio Values",
              "matched_with_syllabus_subtopic": "Preparation trial balance",
              "semantic_match_score": 76.02
            },
            {
              "lecture_subtopic": "Types of Ratios: Liquidity and Capital Structure",
              "matched_with_syllabus_subtopic": "Profit and Loss Account and Balance Sheet(Sole Proprietorship only).",
              "semantic_match_score": 78.42
            },
            {
              "lecture_subtopic": "Understanding Financial Statements and Ratio Analysis",
              "matched_with_syllabus_subtopic": "Profit and Loss Account and Balance Sheet(Sole Proprietorship only).",
              "semantic_match_score": 82.06
            }
          ]
        },
        {
          "lecture_topic": "Ratio Analysis and Interpretation in Accounting",
          "topic_semantic_match_score": 84.15,
          "matched_subtopics": [
            {
              "lecture_subtopic": "Discussing Capital Structure and Leverage Ratios",
              "matched_with_syllabus_subtopic": "From recording of a business transaction to preparation of trial balance including adjustments: Capital and Revenue expenditure & receipts",
              "semantic_match_score": 77.82
            },
            {
              "lecture_subtopic": "Examination of Liquidity Ratios and their Significance",
              "matched_with_syllabus_subtopic": "Profit and Loss Account and Balance Sheet(Sole Proprietorship only).",
              "semantic_match_score": 79.05
            },
            {
              "lecture_subtopic": "Impact of Debt on Company's Stability and Profitability",
              "matched_with_syllabus_subtopic": "Profit and Loss Account and Balance Sheet(Sole Proprietorship only).",
              "semantic_match_score": 79.48
            },
            {
              "lecture_subtopic": "Role of Ratio Analysis in Financial Projections and Comparisons",
              "matched_with_syllabus_subtopic": "Preparation trial balance",
              "semantic_match_score": 78.6
            },
            {
              "lecture_subtopic": "Understanding the Importance of Ratio Analysis",
              "matched_with_syllabus_subtopic": "Preparation trial balance",
              "semantic_match_score": 76.86
            }
          ]
        },
        {
          "lecture_topic": "Recording Financial Transactions",
          "topic_semantic_match_score": 85.15,
          "matched_subtopics": [
            {
              "lecture_subtopic": "Chronological recording of transactions",
              "matched_with_syllabus_subtopic": "From recording of a business transaction to preparation of trial balance including adjustments: Capital and Revenue expenditure & receipts",
              "semantic_match_score": 85.09
            },
            {
              "lecture_subtopic": "Overview of journal and ledger entries",
              "matched_with_syllabus_subtopic": "From recording of a business transaction to preparation of trial balance including adjustments: Capital and Revenue expenditure & receipts",
              "semantic_match_score": 84.67
            },
            {
              "lecture_subtopic": "The concept of journalizing of entries",
              "matched_with_syllabus_subtopic": "From recording of a business transaction to preparation of trial balance including adjustments: Capital and Revenue expenditure & receipts",
              "semantic_match_score": 80.64
            },
            {
              "lecture_subtopic": "The role of subsidiary books in accounting",
              "matched_with_syllabus_subtopic": "Profit and Loss Account and Balance Sheet(Sole Proprietorship only).",
              "semantic_match_score": 81.78
            },
            {
              "lecture_subtopic": "Understanding the process of accounting",
              "matched_with_syllabus_subtopic": "From recording of a business transaction to preparation of trial balance including adjustments: Capital and Revenue expenditure & receipts",
              "semantic_match_score": 84.6
            }
          ]
        },
        {
          "lecture_topic": "Understanding Depreciation in Financial Accounting",
          "topic_semantic_match_score": 84.03,
          "matched_subtopics": [
            {
              "lecture_subtopic": "Basics of Financial Statements",
              "matched_with_syllabus_subtopic": "Profit and Loss Account and Balance Sheet(Sole Proprietorship only).",
              "semantic_match_score": 83.44
            },
            {
              "lecture_subtopic": "Concept of Conservatism in Accounting",
              "matched_with_syllabus_subtopic": "Profit and Loss Account and Balance Sheet(Sole Proprietorship only).",
              "semantic_match_score": 78.95
            },
            {
              "lecture_subtopic": "Concept of Depreciation and Amortization",
              "matched_with_syllabus_subtopic": "Profit and Loss Account and Balance Sheet(Sole Proprietorship only).",
              "semantic_match_score": 77.41
            },
            {
              "lecture_subtopic": "Definition and Causes of Depreciation",
              "matched_with_syllabus_subtopic": "Profit and Loss Account and Balance Sheet(Sole Proprietorship only).",
              "semantic_match_score": 76.54
            },
            {
              "lecture_subtopic": "Discussion on Balance Sheet and Profit and Loss",
              "matched_with_syllabus_subtopic": "Profit and Loss Account and Balance Sheet(Sole Proprietorship only).",
              "semantic_match_score": 88.44
            },
            {
              "lecture_subtopic": "Importance of Depreciation in Financial Statements",
              "matched_with_syllabus_subtopic": "Profit and Loss Account and Balance Sheet(Sole Proprietorship only).",
              "semantic_match_score": 80.07
            },
            {
              "lecture_subtopic": "Methods of Calculating Depreciation",
              "matched_with_syllabus_subtopic": "Profit and Loss Account and Balance Sheet(Sole Proprietorship only).",
              "semantic_match_score": 77.2
            },
            {
              "lecture_subtopic": "The Concept of Conservatism in Accounting",
              "matched_with_syllabus_subtopic": "Profit and Loss Account and Balance Sheet(Sole Proprietorship only).",
              "semantic_match_score": 79.45
            },
            {
              "lecture_subtopic": "Valuation of Inventory in Accounting",
              "matched_with_syllabus_subtopic": "Profit and Loss Account and Balance Sheet(Sole Proprietorship only).",
              "semantic_match_score": 81.18
            },
            {
              "lecture_subtopic": "Valuation of Stock and Depreciation",
              "matched_with_syllabus_subtopic": "Profit and Loss Account and Balance Sheet(Sole Proprietorship only).",
              "semantic_match_score": 80.69
            }
          ]
        },
        {
          "lecture_topic": "Understanding Profit and Loss Account",
          "topic_semantic_match_score": 83.18,
          "matched_subtopics": [
            {
              "lecture_subtopic": "Differences between Profit and Loss Account and Income Statement",
              "matched_with_syllabus_subtopic": "Profit and Loss Account and Balance Sheet(Sole Proprietorship only).",
              "semantic_match_score": 87.23
            },
            {
              "lecture_subtopic": "Major components of Profit and Loss Account: Incomes and Expenses",
              "matched_with_syllabus_subtopic": "Profit and Loss Account and Balance Sheet(Sole Proprietorship only).",
              "semantic_match_score": 87.62
            },
            {
              "lecture_subtopic": "The concept and purpose of Profit and Loss Account",
              "matched_with_syllabus_subtopic": "Profit and Loss Account and Balance Sheet(Sole Proprietorship only).",
              "semantic_match_score": 87.28
            },
            {
              "lecture_subtopic": "The role of Profit and Loss Account in business entities and non-profit organizations",
              "matched_with_syllabus_subtopic": "Profit and Loss Account and Balance Sheet(Sole Proprietorship only).",
              "semantic_match_score": 87.96
            },
            {
              "lecture_subtopic": "Understanding the simple format of Profit and Loss Account",
              "matched_with_syllabus_subtopic": "Profit and Loss Account and Balance Sheet(Sole Proprietorship only).",
              "semantic_match_score": 87.0
            }
          ]
        },
        {
          "lecture_topic": "Understanding the Balance Sheet",
          "topic_semantic_match_score": 83.71,
          "matched_subtopics": [
            {
              "lecture_subtopic": "Analyzing a Company's Balance Sheet",
              "matched_with_syllabus_subtopic": "Profit and Loss Account and Balance Sheet(Sole Proprietorship only).",
              "semantic_match_score": 83.15
            },
            {
              "lecture_subtopic": "Breakdown of non-current and current assets",
              "matched_with_syllabus_subtopic": "Profit and Loss Account and Balance Sheet(Sole Proprietorship only).",
              "semantic_match_score": 79.64
            },
            {
              "lecture_subtopic": "Components of a Balance Sheet: Assets and Liabilities",
              "matched_with_syllabus_subtopic": "Profit and Loss Account and Balance Sheet(Sole Proprietorship only).",
              "semantic_match_score": 84.52
            },
            {
              "lecture_subtopic": "Concept of Drawings in Balance Sheets",
              "matched_with_syllabus_subtopic": "Profit and Loss Account and Balance Sheet(Sole Proprietorship only).",
              "semantic_match_score": 81.75
            },
            {
              "lecture_subtopic": "Creditors",
              "matched_with_syllabus_subtopic": "From recording of a business transaction to preparation of trial balance including adjustments: Capital and Revenue expenditure & receipts",
              "semantic_match_score": 77.64
            },
            {
              "lecture_subtopic": "Definition and Elements of a Balance Sheet",
              "matched_with_syllabus_subtopic": "Profit and Loss Account and Balance Sheet(Sole Proprietorship only).",
              "semantic_match_score": 83.79
            },
            {
              "lecture_subtopic": "Detailed format of balance sheet under schedule III of Companies Act",
              "matched_with_syllabus_subtopic": "Profit and Loss Account and Balance Sheet(Sole Proprietorship only).",
              "semantic_match_score": 83.22
            },
            {
              "lecture_subtopic": "Discussion on Balance Sheet Format as per Schedule VI",
              "matched_with_syllabus_subtopic": "Profit and Loss Account and Balance Sheet(Sole Proprietorship only).",
              "semantic_match_score": 81.29
            },
            {
              "lecture_subtopic": "Distinction between Financial and Management Accounting",
              "matched_with_syllabus_subtopic": "From recording of a business transaction to preparation of trial balance including adjustments: Capital and Revenue expenditure & receipts",
              "semantic_match_score": 80.55
            },
            {
              "lecture_subtopic": "Distinguishing Between Asset and Liability Items",
              "matched_with_syllabus_subtopic": "Profit and Loss Account and Balance Sheet(Sole Proprietorship only).",
              "semantic_match_score": 81.03
            },
            {
              "lecture_subtopic": "Elements of a Balance Sheet",
              "matched_with_syllabus_subtopic": "Profit and Loss Account and Balance Sheet(Sole Proprietorship only).",
              "semantic_match_score": 83.82
            },
            {
              "lecture_subtopic": "Examples of Different Types of Assets",
              "matched_with_syllabus_subtopic": "From recording of a business transaction to preparation of trial balance including adjustments: Capital and Revenue expenditure & receipts",
              "semantic_match_score": 77.05
            },
            {
              "lecture_subtopic": "Explanation of non-current and current liabilities",
              "matched_with_syllabus_subtopic": "Profit and Loss Account and Balance Sheet(Sole Proprietorship only).",
              "semantic_match_score": 77.75
            },
            {
              "lecture_subtopic": "Importance and Contents of Annual Report",
              "matched_with_syllabus_subtopic": "Profit and Loss Account and Balance Sheet(Sole Proprietorship only).",
              "semantic_match_score": 78.64
            },
            {
              "lecture_subtopic": "Introduction to Current Assets: Monetary and Non-monetary",
              "matched_with_syllabus_subtopic": "From recording of a business transaction to preparation of trial balance including adjustments: Capital and Revenue expenditure & receipts",
              "semantic_match_score": 79.91
            },
            {
              "lecture_subtopic": "Introduction to Financial Accounting",
              "matched_with_syllabus_subtopic": "From recording of a business transaction to preparation of trial balance including adjustments: Capital and Revenue expenditure & receipts",
              "semantic_match_score": 83.6
            },
            {
              "lecture_subtopic": "Preparation and Interpretation of Balance Sheet",
              "matched_with_syllabus_subtopic": "Preparation trial balance",
              "semantic_match_score": 88.12
            },
            {
              "lecture_subtopic": "Preparation of Balance Sheets from Given Balances",
              "matched_with_syllabus_subtopic": "Preparation trial balance",
              "semantic_match_score": 88.39
            },
            {
              "lecture_subtopic": "Reading and Interpreting Financial Statements",
              "matched_with_syllabus_subtopic": "From recording of a business transaction to preparation of trial balance including adjustments: Capital and Revenue expenditure & receipts",
              "semantic_match_score": 82.72
            },
            {
              "lecture_subtopic": "Role and Importance of Balance Sheets",
              "matched_with_syllabus_subtopic": "Profit and Loss Account and Balance Sheet(Sole Proprietorship only).",
              "semantic_match_score": 83.24
            },
            {
              "lecture_subtopic": "Short form format of balance sheet",
              "matched_with_syllabus_subtopic": "Profit and Loss Account and Balance Sheet(Sole Proprietorship only).",
              "semantic_match_score": 84.57
            },
            {
              "lecture_subtopic": "Types of Assets: Noncurrent and Current",
              "matched_with_syllabus_subtopic": "Profit and Loss Account and Balance Sheet(Sole Proprietorship only).",
              "semantic_match_score": 77.22
            },
            {
              "lecture_subtopic": "Understanding Capital",
              "matched_with_syllabus_subtopic": "From recording of a business transaction to preparation of trial balance including adjustments: Capital and Revenue expenditure & receipts",
              "semantic_match_score": 80.12
            },
            {
              "lecture_subtopic": "Understanding Fixed Assets: Tangible and Intangible",
              "matched_with_syllabus_subtopic": "From recording of a business transaction to preparation of trial balance including adjustments: Capital and Revenue expenditure & receipts",
              "semantic_match_score": 80.49
            },
            {
              "lecture_subtopic": "Understanding Shareholders' Funds",
              "matched_with_syllabus_subtopic": "Profit and Loss Account and Balance Sheet(Sole Proprietorship only).",
              "semantic_match_score": 79.39
            },
            {
              "lecture_subtopic": "Understanding equities",
              "matched_with_syllabus_subtopic": "From recording of a business transaction to preparation of trial balance including adjustments: Capital and Revenue expenditure & receipts",
              "semantic_match_score": 76.74
            },
            {
              "lecture_subtopic": "and Bank Overdrafts",
              "matched_with_syllabus_subtopic": "From recording of a business transaction to preparation of trial balance including adjustments: Capital and Revenue expenditure & receipts",
              "semantic_match_score": 79.15
            },
            {
              "lecture_subtopic": "and shareholder\u2019s funds",
              "matched_with_syllabus_subtopic": "Profit and Loss Account and Balance Sheet(Sole Proprietorship only).",
              "semantic_match_score": 79.49
            },
            {
              "lecture_subtopic": "liabilities",
              "matched_with_syllabus_subtopic": "Profit and Loss Account and Balance Sheet(Sole Proprietorship only).",
              "semantic_match_score": 78.7
            }
          ]
        },
        {
          "lecture_topic": "Understanding the Cash Flow Statement",
          "topic_semantic_match_score": 82.87,
          "matched_subtopics": [
            {
              "lecture_subtopic": "Adjustments for Noncash and Non Operating Items",
              "matched_with_syllabus_subtopic": "From recording of a business transaction to preparation of trial balance including adjustments: Capital and Revenue expenditure & receipts",
              "semantic_match_score": 81.03
            },
            {
              "lecture_subtopic": "Adjustments for Working Capital Items and Income Tax",
              "matched_with_syllabus_subtopic": "From recording of a business transaction to preparation of trial balance including adjustments: Capital and Revenue expenditure & receipts",
              "semantic_match_score": 83.65
            },
            {
              "lecture_subtopic": "Calculation Methods: Direct and Indirect",
              "matched_with_syllabus_subtopic": "Profit and Loss Account and Balance Sheet(Sole Proprietorship only).",
              "semantic_match_score": 76.73
            },
            {
              "lecture_subtopic": "Categories of Cash Flow Statement: Operating",
              "matched_with_syllabus_subtopic": "From recording of a business transaction to preparation of trial balance including adjustments: Capital and Revenue expenditure & receipts",
              "semantic_match_score": 80.04
            },
            {
              "lecture_subtopic": "Definition and Purpose of a Cash Flow Statement",
              "matched_with_syllabus_subtopic": "From recording of a business transaction to preparation of trial balance including adjustments: Capital and Revenue expenditure & receipts",
              "semantic_match_score": 80.35
            },
            {
              "lecture_subtopic": "Differentiating between O",
              "matched_with_syllabus_subtopic": "Profit and Loss Account and Balance Sheet(Sole Proprietorship only).",
              "semantic_match_score": 73.6
            },
            {
              "lecture_subtopic": "Examples of Financing Activities",
              "matched_with_syllabus_subtopic": "From recording of a business transaction to preparation of trial balance including adjustments: Capital and Revenue expenditure & receipts",
              "semantic_match_score": 81.3
            },
            {
              "lecture_subtopic": "Exceptions in Cash Flow Statement",
              "matched_with_syllabus_subtopic": "From recording of a business transaction to preparation of trial balance including adjustments: Capital and Revenue expenditure & receipts",
              "semantic_match_score": 80.99
            },
            {
              "lecture_subtopic": "Financing",
              "matched_with_syllabus_subtopic": "From recording of a business transaction to preparation of trial balance including adjustments: Capital and Revenue expenditure & receipts",
              "semantic_match_score": 79.46
            },
            {
              "lecture_subtopic": "I",
              "matched_with_syllabus_subtopic": "From recording of a business transaction to preparation of trial balance including adjustments: Capital and Revenue expenditure & receipts",
              "semantic_match_score": 72.92
            },
            {
              "lecture_subtopic": "Importance of Financial Statements in Annual Reports",
              "matched_with_syllabus_subtopic": "Profit and Loss Account and Balance Sheet(Sole Proprietorship only).",
              "semantic_match_score": 78.82
            },
            {
              "lecture_subtopic": "Investing",
              "matched_with_syllabus_subtopic": "From recording of a business transaction to preparation of trial balance including adjustments: Capital and Revenue expenditure & receipts",
              "semantic_match_score": 78.66
            },
            {
              "lecture_subtopic": "Limitations of Traditional Financial Statements",
              "matched_with_syllabus_subtopic": "Profit and Loss Account and Balance Sheet(Sole Proprietorship only).",
              "semantic_match_score": 80.62
            },
            {
              "lecture_subtopic": "Marking Items in Balance Sheets for Cash Flow",
              "matched_with_syllabus_subtopic": "From recording of a business transaction to preparation of trial balance including adjustments: Capital and Revenue expenditure & receipts",
              "semantic_match_score": 81.5
            },
            {
              "lecture_subtopic": "Matching Total Cash Flow with Increase or Decrease of Cash",
              "matched_with_syllabus_subtopic": "From recording of a business transaction to preparation of trial balance including adjustments: Capital and Revenue expenditure & receipts",
              "semantic_match_score": 80.21
            },
            {
              "lecture_subtopic": "Preparation of Cash Flow Statement for a Company",
              "matched_with_syllabus_subtopic": "From recording of a business transaction to preparation of trial balance including adjustments: Capital and Revenue expenditure & receipts",
              "semantic_match_score": 84.84
            },
            {
              "lecture_subtopic": "Preparation of the Cash Flow Statement",
              "matched_with_syllabus_subtopic": "Preparation trial balance",
              "semantic_match_score": 85.34
            },
            {
              "lecture_subtopic": "Role of Interest in Cash Flow Statement",
              "matched_with_syllabus_subtopic": "From recording of a business transaction to preparation of trial balance including adjustments: Capital and Revenue expenditure & receipts",
              "semantic_match_score": 79.14
            },
            {
              "lecture_subtopic": "Role of Profit and Loss Account in Cash Flow Statement",
              "matched_with_syllabus_subtopic": "Profit and Loss Account and Balance Sheet(Sole Proprietorship only).",
              "semantic_match_score": 86.43
            },
            {
              "lecture_subtopic": "Sections of the Cash Flow Statement: Operations",
              "matched_with_syllabus_subtopic": "From recording of a business transaction to preparation of trial balance including adjustments: Capital and Revenue expenditure & receipts",
              "semantic_match_score": 82.53
            },
            {
              "lecture_subtopic": "Summary of Cash Movement in a Period",
              "matched_with_syllabus_subtopic": "From recording of a business transaction to preparation of trial balance including adjustments: Capital and Revenue expenditure & receipts",
              "semantic_match_score": 82.13
            },
            {
              "lecture_subtopic": "The Need for a Cash Flow Statement",
              "matched_with_syllabus_subtopic": "From recording of a business transaction to preparation of trial balance including adjustments: Capital and Revenue expenditure & receipts",
              "semantic_match_score": 81.02
            },
            {
              "lecture_subtopic": "The Three Heads of a Cash Flow Statement: Operating",
              "matched_with_syllabus_subtopic": "From recording of a business transaction to preparation of trial balance including adjustments: Capital and Revenue expenditure & receipts",
              "semantic_match_score": 81.43
            },
            {
              "lecture_subtopic": "Transactions Considered as Cash Flow",
              "matched_with_syllabus_subtopic": "From recording of a business transaction to preparation of trial balance including adjustments: Capital and Revenue expenditure & receipts",
              "semantic_match_score": 82.0
            },
            {
              "lecture_subtopic": "Understanding Adjustments in Cash Flow Statement",
              "matched_with_syllabus_subtopic": "From recording of a business transaction to preparation of trial balance including adjustments: Capital and Revenue expenditure & receipts",
              "semantic_match_score": 83.94
            },
            {
              "lecture_subtopic": "Understanding Cash and Cash Equivalent",
              "matched_with_syllabus_subtopic": "From recording of a business transaction to preparation of trial balance including adjustments: Capital and Revenue expenditure & receipts",
              "semantic_match_score": 79.8
            },
            {
              "lecture_subtopic": "Understanding Generation and Utilization of Cash",
              "matched_with_syllabus_subtopic": "From recording of a business transaction to preparation of trial balance including adjustments: Capital and Revenue expenditure & receipts",
              "semantic_match_score": 80.16
            },
            {
              "lecture_subtopic": "Unique Items and Exceptions in Cash Flow Statement",
              "matched_with_syllabus_subtopic": "Profit and Loss Account and Balance Sheet(Sole Proprietorship only).",
              "semantic_match_score": 80.83
            },
            {
              "lecture_subtopic": "and F in Cash Flow Statement",
              "matched_with_syllabus_subtopic": "From recording of a business transaction to preparation of trial balance including adjustments: Capital and Revenue expenditure & receipts",
              "semantic_match_score": 80.12
            },
            {
              "lecture_subtopic": "and Financing",
              "matched_with_syllabus_subtopic": "From recording of a business transaction to preparation of trial balance including adjustments: Capital and Revenue expenditure & receipts",
              "semantic_match_score": 79.45
            }
          ]
        },
        {
          "lecture_topic": "Understanding the Profit and Loss Account",
          "topic_semantic_match_score": 84.06,
          "matched_subtopics": [
            {
              "lecture_subtopic": "The income and expense parts of a profit and loss account",
              "matched_with_syllabus_subtopic": "Profit and Loss Account and Balance Sheet(Sole Proprietorship only).",
              "semantic_match_score": 87.98
            },
            {
              "lecture_subtopic": "The purpose and structure of a profit and loss account",
              "matched_with_syllabus_subtopic": "Profit and Loss Account and Balance Sheet(Sole Proprietorship only).",
              "semantic_match_score": 87.33
            },
            {
              "lecture_subtopic": "The role of inventory changes in the profit and loss account",
              "matched_with_syllabus_subtopic": "Profit and Loss Account and Balance Sheet(Sole Proprietorship only).",
              "semantic_match_score": 85.11
            },
            {
              "lecture_subtopic": "The six categories of expenses in a profit and loss account",
              "matched_with_syllabus_subtopic": "Profit and Loss Account and Balance Sheet(Sole Proprietorship only).",
              "semantic_match_score": 84.27
            },
            {
              "lecture_subtopic": "Understanding revenue and other income in the profit and loss account",
              "matched_with_syllabus_subtopic": "Profit and Loss Account and Balance Sheet(Sole Proprietorship only).",
              "semantic_match_score": 85.37
            }
          ]
        },
        {
          "lecture_topic": "Zee Case: Balance Sheet Analysis",
          "topic_semantic_match_score": 80.26,
          "matched_subtopics": [
            {
              "lecture_subtopic": "Calculation of Debt Equity Ratio",
              "matched_with_syllabus_subtopic": "Preparation trial balance",
              "semantic_match_score": 79.11
            },
            {
              "lecture_subtopic": "Classification of Current and Noncurrent Assets",
              "matched_with_syllabus_subtopic": "Profit and Loss Account and Balance Sheet(Sole Proprietorship only).",
              "semantic_match_score": 78.94
            },
            {
              "lecture_subtopic": "Classification of Current and Noncurrent Liabilities",
              "matched_with_syllabus_subtopic": "Profit and Loss Account and Balance Sheet(Sole Proprietorship only).",
              "semantic_match_score": 78.87
            },
            {
              "lecture_subtopic": "Preparation of the Balance Sheet",
              "matched_with_syllabus_subtopic": "Preparation trial balance",
              "semantic_match_score": 89.71
            },
            {
              "lecture_subtopic": "Understanding Contingent Assets and Liabilities",
              "matched_with_syllabus_subtopic": "Profit and Loss Account and Balance Sheet(Sole Proprietorship only).",
              "semantic_match_score": 78.92
            }
          ]
        }
      ]
    },
    {
      "syllabus_topic": "Accounting for Dissolution of Partnership Firm",
      "matched_lecture_topics": [
        {
          "lecture_topic": "Financial Statement Analysis: RIL Case 2",
          "topic_semantic_match_score": 80.99,
          "matched_subtopics": [
            {
              "lecture_subtopic": "Analysis of net working capital to sales ratio",
              "matched_with_syllabus_subtopic": "sale to a limited company and piecemeal distribution.",
              "semantic_match_score": 76.94
            },
            {
              "lecture_subtopic": "Calculation and interpretation of Dividend Per Share",
              "matched_with_syllabus_subtopic": "Dissolution of the Partnership Firm Including Insolvency of partners",
              "semantic_match_score": 74.02
            },
            {
              "lecture_subtopic": "Comprehension of Dividend Yield and its relation to market prices",
              "matched_with_syllabus_subtopic": "sale to a limited company and piecemeal distribution.",
              "semantic_match_score": 74.8
            },
            {
              "lecture_subtopic": "Evaluation of sales per share over time",
              "matched_with_syllabus_subtopic": "sale to a limited company and piecemeal distribution.",
              "semantic_match_score": 78.98
            },
            {
              "lecture_subtopic": "Understanding the importance of Earnings Per Share (EPS)",
              "matched_with_syllabus_subtopic": "Dissolution of the Partnership Firm Including Insolvency of partners",
              "semantic_match_score": 74.65
            }
          ]
        },
        {
          "lecture_topic": "Hindalco Case: Balance Sheet and Cash Flow Statement",
          "topic_semantic_match_score": 79.56,
          "matched_subtopics": [
            {
              "lecture_subtopic": "Analysis of Fixed Assets",
              "matched_with_syllabus_subtopic": "Dissolution of the Partnership Firm Including Insolvency of partners",
              "semantic_match_score": 75.73
            },
            {
              "lecture_subtopic": "Discussion on Current Assets",
              "matched_with_syllabus_subtopic": "Dissolution of the Partnership Firm Including Insolvency of partners",
              "semantic_match_score": 76.19
            },
            {
              "lecture_subtopic": "Examination of Financial Assets",
              "matched_with_syllabus_subtopic": "Dissolution of the Partnership Firm Including Insolvency of partners",
              "semantic_match_score": 78.01
            },
            {
              "lecture_subtopic": "Preparation of a Complete Balance Sheet",
              "matched_with_syllabus_subtopic": "Dissolution of the Partnership Firm Including Insolvency of partners",
              "semantic_match_score": 79.13
            },
            {
              "lecture_subtopic": "Understanding Non-Current Assets",
              "matched_with_syllabus_subtopic": "Dissolution of the Partnership Firm Including Insolvency of partners",
              "semantic_match_score": 73.69
            }
          ]
        },
        {
          "lecture_topic": "Hindalco Case: Profit & Loss and Balance Sheet",
          "topic_semantic_match_score": 80.04,
          "matched_subtopics": [
            {
              "lecture_subtopic": "Analysis of Hindalco Limited's financial data",
              "matched_with_syllabus_subtopic": "Dissolution of the Partnership Firm Including Insolvency of partners",
              "semantic_match_score": 75.68
            },
            {
              "lecture_subtopic": "Preparation and understanding of Balance Sheet",
              "matched_with_syllabus_subtopic": "Dissolution of the Partnership Firm Including Insolvency of partners",
              "semantic_match_score": 78.57
            },
            {
              "lecture_subtopic": "Preparation of Profit and Loss account",
              "matched_with_syllabus_subtopic": "Dissolution of the Partnership Firm Including Insolvency of partners",
              "semantic_match_score": 79.03
            },
            {
              "lecture_subtopic": "Understanding and sequencing financial terminology",
              "matched_with_syllabus_subtopic": "Dissolution of the Partnership Firm Including Insolvency of partners",
              "semantic_match_score": 74.31
            },
            {
              "lecture_subtopic": "Understanding financial statements",
              "matched_with_syllabus_subtopic": "Dissolution of the Partnership Firm Including Insolvency of partners",
              "semantic_match_score": 78.17
            }
          ]
        },
        {
          "lecture_topic": "Zee Case: Profit & Loss and Balance Sheet",
          "topic_semantic_match_score": 81.17,
          "matched_subtopics": [
            {
              "lecture_subtopic": "Depreciation and Amortisation in Profit & Loss Account",
              "matched_with_syllabus_subtopic": "Dissolution of the Partnership Firm Including Insolvency of partners",
              "semantic_match_score": 77.44
            },
            {
              "lecture_subtopic": "Introduction to Analysis of Financial Statements",
              "matched_with_syllabus_subtopic": "Dissolution of the Partnership Firm Including Insolvency of partners",
              "semantic_match_score": 78.52
            },
            {
              "lecture_subtopic": "Introduction to Balance Sheet and Profit & Loss",
              "matched_with_syllabus_subtopic": "Dissolution of the Partnership Firm Including Insolvency of partners",
              "semantic_match_score": 80.21
            },
            {
              "lecture_subtopic": "Preparation of Balance Sheet and Profit & Loss: Zee Entertainment Case",
              "matched_with_syllabus_subtopic": "Dissolution of the Partnership Firm Including Insolvency of partners",
              "semantic_match_score": 80.43
            },
            {
              "lecture_subtopic": "Understanding and Comparison of 3-year Data",
              "matched_with_syllabus_subtopic": "Dissolution of the Partnership Firm Including Insolvency of partners",
              "semantic_match_score": 71.81
            }
          ]
        }
      ]
    },
    {
      "syllabus_topic": "Preparation of finacial statements of not for profit organizations",
      "matched_lecture_topics": [
        {
          "lecture_topic": "Interpretation and Analysis of finacial statements",
          "topic_semantic_match_score": 85.73,
          "matched_subtopics": [
            {
              "lecture_subtopic": "Analysis of Revenue and Operational Costs",
              "matched_with_syllabus_subtopic": "No Suitable Match",
              "semantic_match_score": 0.0
            },
            {
              "lecture_subtopic": "Analysis of Shipping Corporation Case",
              "matched_with_syllabus_subtopic": "No Suitable Match",
              "semantic_match_score": 0.0
            },
            {
              "lecture_subtopic": "Calculating Return on Equity and Return on Investment",
              "matched_with_syllabus_subtopic": "No Suitable Match",
              "semantic_match_score": 0.0
            },
            {
              "lecture_subtopic": "Calculating and Understanding Cumulative Growth Rates",
              "matched_with_syllabus_subtopic": "No Suitable Match",
              "semantic_match_score": 0.0
            },
            {
              "lecture_subtopic": "Calculation of Balance Sheet Ratios",
              "matched_with_syllabus_subtopic": "No Suitable Match",
              "semantic_match_score": 0.0
            },
            {
              "lecture_subtopic": "Calculation of Profitability Ratios",
              "matched_with_syllabus_subtopic": "No Suitable Match",
              "semantic_match_score": 0.0
            },
            {
              "lecture_subtopic": "Case Study: Shipping Corporation of India",
              "matched_with_syllabus_subtopic": "No Suitable Match",
              "semantic_match_score": 0.0
            },
            {
              "lecture_subtopic": "Common Size Statement Creation",
              "matched_with_syllabus_subtopic": "No Suitable Match",
              "semantic_match_score": 0.0
            },
            {
              "lecture_subtopic": "Comparative Statement Preparation",
              "matched_with_syllabus_subtopic": "No Suitable Match",
              "semantic_match_score": 0.0
            },
            {
              "lecture_subtopic": "Comparing FiNo Suitable Matchcial Statements Across Industry Players",
              "matched_with_syllabus_subtopic": "No Suitable Match",
              "semantic_match_score": 0.0
            },
            {
              "lecture_subtopic": "Comparing Statements of Different Companies",
              "matched_with_syllabus_subtopic": "No Suitable Match",
              "semantic_match_score": 0.0
            },
            {
              "lecture_subtopic": "Conversion of Values into Percentages",
              "matched_with_syllabus_subtopic": "No Suitable Match",
              "semantic_match_score": 0.0
            },
            {
              "lecture_subtopic": "Horizontal Analysis and Comparative Statements",
              "matched_with_syllabus_subtopic": "No Suitable Match",
              "semantic_match_score": 0.0
            },
            {
              "lecture_subtopic": "Horizontal Analysis of FiNo Suitable Matchcial Statements",
              "matched_with_syllabus_subtopic": "No Suitable Match",
              "semantic_match_score": 0.0
            },
            {
              "lecture_subtopic": "Horizontal Analysis: Preparing a Comparative Statement",
              "matched_with_syllabus_subtopic": "No Suitable Match",
              "semantic_match_score": 0.0
            },
            {
              "lecture_subtopic": "Horizontal and Vertical Analysis",
              "matched_with_syllabus_subtopic": "No Suitable Match",
              "semantic_match_score": 0.0
            },
            {
              "lecture_subtopic": "Introduction to FiNo Suitable Matchcial Statement Analysis",
              "matched_with_syllabus_subtopic": "No Suitable Match",
              "semantic_match_score": 0.0
            },
            {
              "lecture_subtopic": "Reading and Understanding Annual Reports",
              "matched_with_syllabus_subtopic": "No Suitable Match",
              "semantic_match_score": 0.0
            },
            {
              "lecture_subtopic": "Techniques for Analysis and Interpretation of Statements",
              "matched_with_syllabus_subtopic": "No Suitable Match",
              "semantic_match_score": 0.0
            },
            {
              "lecture_subtopic": "Trend Analysis: Long Term Data Interpretation",
              "matched_with_syllabus_subtopic": "No Suitable Match",
              "semantic_match_score": 0.0
            },
            {
              "lecture_subtopic": "Understanding Comparative and Common Size Statements",
              "matched_with_syllabus_subtopic": "No Suitable Match",
              "semantic_match_score": 0.0
            },
            {
              "lecture_subtopic": "Understanding Operating and Direct Expenses",
              "matched_with_syllabus_subtopic": "No Suitable Match",
              "semantic_match_score": 0.0
            },
            {
              "lecture_subtopic": "Understanding Return Ratios",
              "matched_with_syllabus_subtopic": "No Suitable Match",
              "semantic_match_score": 0.0
            },
            {
              "lecture_subtopic": "Users of FiNo Suitable Matchcial Statements and Their Interests",
              "matched_with_syllabus_subtopic": "No Suitable Match",
              "semantic_match_score": 0.0
            },
            {
              "lecture_subtopic": "Vertical Analysis: Preparing a Common Size Statement",
              "matched_with_syllabus_subtopic": "No Suitable Match",
              "semantic_match_score": 0.0
            }
          ]
        },
        {
          "lecture_topic": "Understanding Financial Statements",
          "topic_semantic_match_score": 86.62,
          "matched_subtopics": [
            {
              "lecture_subtopic": "Differentiating between Fixed and Current Assets",
              "matched_with_syllabus_subtopic": "No Suitable Match",
              "semantic_match_score": 0.0
            },
            {
              "lecture_subtopic": "The Concept of Money Cycle in Accounting",
              "matched_with_syllabus_subtopic": "No Suitable Match",
              "semantic_match_score": 0.0
            },
            {
              "lecture_subtopic": "The Emergence of FiNo Suitable Matchcial Statements from Money Cycle",
              "matched_with_syllabus_subtopic": "No Suitable Match",
              "semantic_match_score": 0.0
            },
            {
              "lecture_subtopic": "The Role and Composition of a Balance Sheet",
              "matched_with_syllabus_subtopic": "No Suitable Match",
              "semantic_match_score": 0.0
            },
            {
              "lecture_subtopic": "Understanding Profit and Loss Account",
              "matched_with_syllabus_subtopic": "No Suitable Match",
              "semantic_match_score": 0.0
            }
          ]
        }
      ]
    },
    {
      "syllabus_topic": "Theoretical Framework",
      "matched_lecture_topics": [
        {
          "lecture_topic": "Corporate Governance: Global Models",
          "topic_semantic_match_score": 79.18,
          "matched_subtopics": [
            {
              "lecture_subtopic": "Overview of the Anglo-US Governance Model",
              "matched_with_syllabus_subtopic": "Financial accounting standards: Concept",
              "semantic_match_score": 75.99
            },
            {
              "lecture_subtopic": "The Importance of Governance in Corporations",
              "matched_with_syllabus_subtopic": "benefits",
              "semantic_match_score": 77.86
            },
            {
              "lecture_subtopic": "The Influence of Stock Market on Corporate Governance",
              "matched_with_syllabus_subtopic": "Financial accounting standards: Concept",
              "semantic_match_score": 79.35
            },
            {
              "lecture_subtopic": "The Role and Impact of the CEO in Corporate Governance",
              "matched_with_syllabus_subtopic": "materiality and full disclosures.",
              "semantic_match_score": 77.14
            },
            {
              "lecture_subtopic": "The Role of Ethics in Corporate Governance",
              "matched_with_syllabus_subtopic": "materiality and full disclosures.",
              "semantic_match_score": 79.97
            }
          ]
        }
      ]
    }
  ],
  "average_topic_semantic_score": 83.54,
  "average_subtopic_semantic_score": 78.93
}