{
  "course": "Financial Accounting",
  "topics": [
    {
      "topic": "Understanding the Balance Sheet",
      "subtopics": [
        "Types of Assets: Noncurrent and Current",
        "Breakdown of non-current and current assets",
        "Components of a Balance Sheet: Assets and Liabilities",
        "Preparation and Interpretation of Balance Sheet",
        "Definition and Elements of a Balance Sheet",
        "Discussion on Balance Sheet Format as per Schedule VI",
        "liabilities",
        "Understanding Capital",
        "Understanding Shareholders' Funds",
        "Reading and Interpreting Financial Statements",
        "Creditors",
        "Explanation of non-current and current liabilities",
        "and Bank Overdrafts",
        "Distinguishing Between Asset and Liability Items",
        "Preparation of Balance Sheets from Given Balances",
        "Importance and Contents of Annual Report",
        "Understanding Fixed Assets: Tangible and Intangible",
        "Examples of Different Types of Assets",
        "Elements of a Balance Sheet",
        "Distinction between Financial and Management Accounting",
        "Short form format of balance sheet",
        "Introduction to Current Assets: Monetary and Non-monetary",
        "Introduction to Financial Accounting",
        "Understanding equities",
        "Concept of Drawings in Balance Sheets",
        "Detailed format of balance sheet under schedule III of Companies Act",
        "Analyzing a Company's Balance Sheet",
        "and shareholder\u2019s funds",
        "Role and Importance of Balance Sheets"
      ]
    },
    {
      "topic": "Interpretation and Analysis of FiNo Suitable Matchcial Statements",
      "subtopics": [
        "Calculation of Balance Sheet Ratios",
        "Calculating Return on Equity and Return on Investment",
        "Horizontal Analysis of FiNo Suitable Matchcial Statements",
        "Comparative Statement Preparation",
        "Comparing Statements of Different Companies",
        "Common Size Statement Creation",
        "Comparing FiNo Suitable Matchcial Statements Across Industry Players",
        "Horizontal and Vertical Analysis",
        "Calculating and Understanding Cumulative Growth Rates",
        "Reading and Understanding Annual Reports",
        "Calculation of Profitability Ratios",
        "Users of FiNo Suitable Matchcial Statements and Their Interests",
        "Understanding Comparative and Common Size Statements",
        "Case Study: Shipping Corporation of India",
        "Understanding Return Ratios",
        "Horizontal Analysis: Preparing a Comparative Statement",
        "Understanding Operating and Direct Expenses",
        "Conversion of Values into Percentages",
        "Horizontal Analysis and Comparative Statements",
        "Vertical Analysis: Preparing a Common Size Statement",
        "Trend Analysis: Long Term Data Interpretation",
        "Introduction to FiNo Suitable Matchcial Statement Analysis",
        "Analysis of Revenue and Operational Costs",
        "Techniques for Analysis and Interpretation of Statements",
        "Analysis of Shipping Corporation Case"
      ]
    },
    {
      "topic": "Understanding the Cash Flow Statement",
      "subtopics": [
        "Adjustments for Working Capital Items and Income Tax",
        "Importance of Financial Statements in Annual Reports",
        "Understanding Generation and Utilization of Cash",
        "Financing",
        "Calculation Methods: Direct and Indirect",
        "Marking Items in Balance Sheets for Cash Flow",
        "Categories of Cash Flow Statement: Operating",
        "Preparation of the Cash Flow Statement",
        "Understanding Adjustments in Cash Flow Statement",
        "Definition and Purpose of a Cash Flow Statement",
        "Transactions Considered as Cash Flow",
        "Role of Profit and Loss Account in Cash Flow Statement",
        "Exceptions in Cash Flow Statement",
        "Sections of the Cash Flow Statement: Operations",
        "Examples of Financing Activities",
        "Role of Interest in Cash Flow Statement",
        "The Three Heads of a Cash Flow Statement: Operating",
        "Understanding Cash and Cash Equivalent",
        "Investing",
        "Adjustments for Noncash and Non Operating Items",
        "Limitations of Traditional Financial Statements",
        "Differentiating between O",
        "I",
        "Unique Items and Exceptions in Cash Flow Statement",
        "Matching Total Cash Flow with Increase or Decrease of Cash",
        "Preparation of Cash Flow Statement for a Company",
        "and Financing",
        "and F in Cash Flow Statement",
        "Summary of Cash Movement in a Period",
        "The Need for a Cash Flow Statement"
      ]
    },
    {
      "topic": "Hindalco Case: Balance Sheet and Cash Flow Statement",
      "subtopics": [
        "Analysis of Fixed Assets",
        "Examination of Financial Assets",
        "Understanding Non-Current Assets",
        "Discussion on Current Assets",
        "Preparation of a Complete Balance Sheet"
      ]
    },
    {
      "topic": "Recording Financial Transactions",
      "subtopics": [
        "The concept of journalizing of entries",
        "Understanding the process of accounting",
        "Overview of journal and ledger entries",
        "Chronological recording of transactions",
        "The role of subsidiary books in accounting"
      ]
    },
    {
      "topic": "Corporate Governance: Enron Case",
      "subtopics": [
        "Role of Shareholders in Enron",
        "Enron Case Background and Bankruptcy Story",
        "Impact of Enron Case on Global Governance Mechanism",
        "Global Models of Governance",
        "Overview of Corporate Governance"
      ]
    },
    {
      "topic": "Evolution of Accounting",
      "subtopics": [
        "Concepts and Principles of Accounting",
        "Tradition of Preparing Chopadis",
        "Financial Instruments in Ancient Accounting",
        "Role of Festivals in Accounting Practices",
        "Accounting Period Concept"
      ]
    },
    {
      "topic": "Understanding Depreciation in Financial Accounting",
      "subtopics": [
        "Importance of Depreciation in Financial Statements",
        "Concept of Conservatism in Accounting",
        "Valuation of Stock and Depreciation",
        "Definition and Causes of Depreciation",
        "Basics of Financial Statements",
        "Methods of Calculating Depreciation",
        "The Concept of Conservatism in Accounting",
        "Valuation of Inventory in Accounting",
        "Discussion on Balance Sheet and Profit and Loss",
        "Concept of Depreciation and Amortization"
      ]
    },
    {
      "topic": "Understanding Profit and Loss Account",
      "subtopics": [
        "Major components of Profit and Loss Account: Incomes and Expenses",
        "The concept and purpose of Profit and Loss Account",
        "The role of Profit and Loss Account in business entities and non-profit organizations",
        "Understanding the simple format of Profit and Loss Account",
        "Differences between Profit and Loss Account and Income Statement"
      ]
    },
    {
      "topic": "Understanding FiNo Suitable Matchcial Statements",
      "subtopics": [
        "The Concept of Money Cycle in Accounting",
        "Understanding Profit and Loss Account",
        "Differentiating between Fixed and Current Assets",
        "The Emergence of FiNo Suitable Matchcial Statements from Money Cycle",
        "The Role and Composition of a Balance Sheet"
      ]
    },
    {
      "topic": "Corporate Governance in Financial Accounting",
      "subtopics": [
        "Processes",
        "Mechanisms",
        "Rights and Responsibilities Distribution in Governance",
        "Understanding the Concept of Corporate Governance",
        "Role of Shareholders in Corporate Governance",
        "and Relationships in Governance",
        "Governance Structures and Principles"
      ]
    },
    {
      "topic": "Introduction to Financial Accounting",
      "subtopics": [
        "Comparison between Financial and Cost Accounting",
        "Understanding Financial Statements",
        "Role and Scope of Accounting",
        "Importance of Accounting for Non-Commerce Students",
        "Assignments and Coursework in Accounting"
      ]
    },
    {
      "topic": "Corporate Governance: Global Models",
      "subtopics": [
        "The Role of Ethics in Corporate Governance",
        "Overview of the Anglo-US Governance Model",
        "The Influence of Stock Market on Corporate Governance",
        "The Role and Impact of the CEO in Corporate Governance",
        "The Importance of Governance in Corporations"
      ]
    },
    {
      "topic": "Zee Case: Profit & Loss and Balance Sheet",
      "subtopics": [
        "Preparation of Balance Sheet and Profit & Loss: Zee Entertainment Case",
        "Depreciation and Amortisation in Profit & Loss Account",
        "Introduction to Balance Sheet and Profit & Loss",
        "Understanding and Comparison of 3-year Data",
        "Introduction to Analysis of Financial Statements"
      ]
    },
    {
      "topic": "Financial Statement Analysis: TCS Case",
      "subtopics": [
        "Horizontal and Vertical Analysis of Financial Statements",
        "Analysis of Price and Share Holding Data",
        "Understanding Market Capitalization",
        "Calculation and Interpretation of Financial Ratios",
        "Overview of TCS Limited and its Financials"
      ]
    },
    {
      "topic": "Ratio Analysis and Interpretation in Accounting",
      "subtopics": [
        "Examination of Liquidity Ratios and their Significance",
        "Role of Ratio Analysis in Financial Projections and Comparisons",
        "Discussing Capital Structure and Leverage Ratios",
        "Impact of Debt on Company's Stability and Profitability",
        "Understanding the Importance of Ratio Analysis"
      ]
    },
    {
      "topic": "Hindalco Case: Profit & Loss and Balance Sheet",
      "subtopics": [
        "Preparation of Profit and Loss account",
        "Analysis of Hindalco Limited's financial data",
        "Understanding and sequencing financial terminology",
        "Preparation and understanding of Balance Sheet",
        "Understanding financial statements"
      ]
    },
    {
      "topic": "Inventory Valuation in Financial Accounting",
      "subtopics": [
        "Finished Goods",
        "Distinction between Inventory and Fixed Assets",
        "Types of Inventory: Raw Material",
        "Definition and Understanding of Inventory",
        "Work in Progress",
        "Role of Inventory in Balance Sheet and Profit & Loss Account",
        "Inventory Valuation Methods"
      ]
    },
    {
      "topic": "Zee Case: Balance Sheet Analysis",
      "subtopics": [
        "Classification of Current and Noncurrent Assets",
        "Understanding Contingent Assets and Liabilities",
        "Calculation of Debt Equity Ratio",
        "Classification of Current and Noncurrent Liabilities",
        "Preparation of the Balance Sheet"
      ]
    },
    {
      "topic": "Ratio Analysis and Interpretation",
      "subtopics": [
        "Industry Variations in Acceptable Ratio Values",
        "Types of Ratios: Liquidity and Capital Structure",
        "Understanding Financial Statements and Ratio Analysis",
        "Calculation and Interpretation of Current Ratio",
        "Importance and Uses of Ratios in Business Decision Making"
      ]
    },
    {
      "topic": "Financial Statement Analysis: RIL Case Study",
      "subtopics": [
        "Overview of Reliance Industries Limited",
        "and Economy Analysis",
        "Ratio-based Company Analysis",
        "Shareholding Pattern of Reliance Industries Limited",
        "Industry",
        "Fundamental vs Technical Analysis",
        "Components of Fundamental Analysis: Company"
      ]
    },
    {
      "topic": "Financial Statement Analysis: RIL Case 2",
      "subtopics": [
        "Evaluation of sales per share over time",
        "Comprehension of Dividend Yield and its relation to market prices",
        "Calculation and interpretation of Dividend Per Share",
        "Analysis of net working capital to sales ratio",
        "Understanding the importance of Earnings Per Share (EPS)"
      ]
    },
    {
      "topic": "Financial Statement Analysis: TCS Case 2",
      "subtopics": [
        "Equity Market Data",
        "Analysis of Income Data",
        "Calculation of Basic Ratios Related to P and L",
        "Balance Sheet Data",
        "Analysis of Net Working Capital to Sales Ratio",
        "Calculation and Analysis of Combined Ratios",
        "Analysis of Market Data"
      ]
    },
    {
      "topic": "Profit and Loss Account Preparation",
      "subtopics": [
        "Calculation of Profit in Income Statement",
        "Categories of Expenses and Income",
        "Basics of Financial Statements",
        "Understanding Operating Expenses and Profit Before Interest and Tax (PBIT)",
        "Income Statement or Profit and Loss Account Formats"
      ]
    },
    {
      "topic": "Accounting Standards and Principles",
      "subtopics": [
        "Importance of Accounting Concepts",
        "Dual Aspect and Cost Concept in Accounting",
        "The Going Concern Assumption in Accounting",
        "The Business Entity Concept in Accounting",
        "Understanding Accounting Principles and Standards"
      ]
    },
    {
      "topic": "Financial Accounting Revision",
      "subtopics": [
        "Introduction to Balance Sheet",
        "Understanding Financial Statements",
        "Assets and Liabilities in Business",
        "Accounting as a Language of Business",
        "Importance of Accounting Knowledge"
      ]
    },
    {
      "topic": "Understanding the Profit and Loss Account",
      "subtopics": [
        "The six categories of expenses in a profit and loss account",
        "The income and expense parts of a profit and loss account",
        "The role of inventory changes in the profit and loss account",
        "Understanding revenue and other income in the profit and loss account",
        "The purpose and structure of a profit and loss account"
      ]
    }
  ]
}