{
  "course": "Financial Accounting",
  "topics": [
    {
      "topic": "Definition, Nature and Scope of Accounting",
      "subtopics": []
    },
    {
      "topic": "Concepts and Conventions",
      "subtopics": []
    },
    {
      "topic": "Introduction to Financial Statements",
      "subtopics": []
    },
    {
      "topic": "Capital and Revenue Items",
      "subtopics": []
    },
    {
      "topic": "Indian Accounting Standards & IFRS",
      "subtopics": []
    },
    {
      "topic": "Partnership Accounts - advanced problems and detailed study",
      "subtopics": []
    },
    {
      "topic": "Admission",
      "subtopics": []
    },
    {
      "topic": "Retirement and Death of partners",
      "subtopics": []
    },
    {
      "topic": "Dissolution of Partnership Firm",
      "subtopics": []
    },
    {
      "topic": "Dissolution of Partnership Firm",
      "subtopics": []
    },
    {
      "topic": "Hire Purchase and Instalment Accounts",
      "subtopics": []
    },
    {
      "topic": "Royalty Accounts",
      "subtopics": []
    },
    {
      "topic": "Insolvency Accounts",
      "subtopics": []
    },
    {
      "topic": "Insurance Claim for loss of Stock and Loss of Profit",
      "subtopics": []
    },
    {
      "topic": "Branch Accounts",
      "subtopics": []
    },
    {
      "topic": "Voyage Accounts.",
      "subtopics": []
    }
  ]
}