{
  "course": "Financial Accounting",
  "topics": [
    {
      "syllabus_topic": "Theoretical Framework",
      "matched_lecture_topics": [
        {
          "lecture_topic": "Corporate Governance: Global Models",
          "topic_semantic_match_score": 79.18,
          "matched_subtopics": [
            {
              "lecture_subtopic": "Overview of the Anglo-US Governance Model",
              "matched_with_syllabus_subtopic": "Financial accounting standards: Concept",
              "semantic_match_score": 75.99
            },
            {
              "lecture_subtopic": "The Importance of Governance in Corporations",
              "matched_with_syllabus_subtopic": "benefits",
              "semantic_match_score": 77.86
            },
            {
              "lecture_subtopic": "The Influence of Stock Market on Corporate Governance",
              "matched_with_syllabus_subtopic": "Financial accounting standards: Concept",
              "semantic_match_score": 79.35
            },
            {
              "lecture_subtopic": "The Role and Impact of the CEO in Corporate Governance",
              "matched_with_syllabus_subtopic": "materiality and full disclosures.",
              "semantic_match_score": 77.14
            },
            {
              "lecture_subtopic": "The Role of Ethics in Corporate Governance",
              "matched_with_syllabus_subtopic": "materiality and full disclosures.",
              "semantic_match_score": 79.97
            }
          ]
        }
      ]
    },
    {
      "syllabus_topic": "Accounting Process",
      "matched_lecture_topics": [
        {
          "lecture_topic": "Recording Financial Transactions",
          "topic_semantic_match_score": 52.47,
          "matched_subtopics": [
            {
              "lecture_subtopic": "Chronological recording of transactions",
              "matched_with_syllabus_subtopic": "Recording of a business transaction through to preparation of trial balance, including adjustments",
              "semantic_match_score": 55.06
            },
            {
              "lecture_subtopic": "Understanding the process of accounting",
              "matched_with_syllabus_subtopic": "Application of Generally Accepted Accounting Principles in recording financial transactions and preparing financial statements",
              "semantic_match_score": 62.78
            }
          ]
        },
        {
          "lecture_topic": "Evolution of Accounting",
          "topic_semantic_match_score": 69.9,
          "matched_subtopics": [
            {
              "lecture_subtopic": "NO Suitable Match",
              "matched_with_syllabus_subtopic": "Recording of a business transaction through to preparation of trial balance, including adjustments"
            },
            {
              "lecture_subtopic": "Concepts and Principles of Accounting",
              "matched_with_syllabus_subtopic": "Application of Generally Accepted Accounting Principles in recording financial transactions and preparing financial statements",
              "semantic_match_score": 77.07
            }
          ]
        },
        {
          "lecture_topic": "Corporate Governance in Financial Accounting",
          "topic_semantic_match_score": 51.39,
          "matched_subtopics": [
            {
              "lecture_subtopic": "NO Suitable Match",
              "matched_with_syllabus_subtopic": "Recording of a business transaction through to preparation of trial balance, including adjustments"
            },
            {
              "lecture_subtopic": "NO Suitable Match",
              "matched_with_syllabus_subtopic": "Application of Generally Accepted Accounting Principles in recording financial transactions and preparing financial statements"
            }
          ]
        },
        {
          "lecture_topic": "Introduction to Financial Accounting",
          "topic_semantic_match_score": 68.98,
          "matched_subtopics": [
            {
              "lecture_subtopic": "NO Suitable Match",
              "matched_with_syllabus_subtopic": "Recording of a business transaction through to preparation of trial balance, including adjustments"
            },
            {
              "lecture_subtopic": "Understanding Financial Statements",
              "matched_with_syllabus_subtopic": "Application of Generally Accepted Accounting Principles in recording financial transactions and preparing financial statements",
              "semantic_match_score": 62.76
            }
          ]
        },
        {
          "lecture_topic": "Ratio Analysis and Interpretation in Accounting",
          "topic_semantic_match_score": 52.08,
          "matched_subtopics": [
            {
              "lecture_subtopic": "NO Suitable Match",
              "matched_with_syllabus_subtopic": "Recording of a business transaction through to preparation of trial balance, including adjustments"
            },
            {
              "lecture_subtopic": "NO Suitable Match",
              "matched_with_syllabus_subtopic": "Application of Generally Accepted Accounting Principles in recording financial transactions and preparing financial statements"
            }
          ]
        },
        {
          "lecture_topic": "Inventory Valuation in Financial Accounting",
          "topic_semantic_match_score": 53.41,
          "matched_subtopics": [
            {
              "lecture_subtopic": "NO Suitable Match",
              "matched_with_syllabus_subtopic": "Recording of a business transaction through to preparation of trial balance, including adjustments"
            },
            {
              "lecture_subtopic": "NO Suitable Match",
              "matched_with_syllabus_subtopic": "Application of Generally Accepted Accounting Principles in recording financial transactions and preparing financial statements"
            }
          ]
        },
        {
          "lecture_topic": "Profit and Loss Account Preparation",
          "topic_semantic_match_score": 52.45,
          "matched_subtopics": [
            {
              "lecture_subtopic": "NO Suitable Match",
              "matched_with_syllabus_subtopic": "Recording of a business transaction through to preparation of trial balance, including adjustments"
            },
            {
              "lecture_subtopic": "Basics of Financial Statements",
              "matched_with_syllabus_subtopic": "Application of Generally Accepted Accounting Principles in recording financial transactions and preparing financial statements",
              "semantic_match_score": 69.59
            }
          ]
        },
        {
          "lecture_topic": "Accounting Standards and Principles",
          "topic_semantic_match_score": 59.69,
          "matched_subtopics": [
            {
              "lecture_subtopic": "NO Suitable Match",
              "matched_with_syllabus_subtopic": "Recording of a business transaction through to preparation of trial balance, including adjustments"
            },
            {
              "lecture_subtopic": "Importance of Accounting Concepts",
              "matched_with_syllabus_subtopic": "Application of Generally Accepted Accounting Principles in recording financial transactions and preparing financial statements",
              "semantic_match_score": 71.61
            }
          ]
        },
        {
          "lecture_topic": "Financial Accounting Revision",
          "topic_semantic_match_score": 67.2,
          "matched_subtopics": [
            {
              "lecture_subtopic": "NO Suitable Match",
              "matched_with_syllabus_subtopic": "Recording of a business transaction through to preparation of trial balance, including adjustments"
            },
            {
              "lecture_subtopic": "Importance of Accounting Knowledge",
              "matched_with_syllabus_subtopic": "Application of Generally Accepted Accounting Principles in recording financial transactions and preparing financial statements",
              "semantic_match_score": 63.16
            }
          ]
        }
      ]
    },
    {
      "syllabus_topic": "Computerized Accounting Systems",
      "matched_lecture_topics": [
        {
          "lecture_topic": "Recording Financial Transactions",
          "topic_semantic_match_score": 55.03,
          "matched_subtopics": [
            {
              "lecture_subtopic": "NO Suitable Match",
              "matched_with_syllabus_subtopic": "Computerized accounts using any popular accounting software"
            },
            {
              "lecture_subtopic": "NO Suitable Match",
              "matched_with_syllabus_subtopic": "Creating a Company"
            },
            {
              "lecture_subtopic": "NO Suitable Match",
              "matched_with_syllabus_subtopic": "Configure and Features settings"
            },
            {
              "lecture_subtopic": "Overview of journal and ledger entries",
              "matched_with_syllabus_subtopic": "Creating Accounting Ledgers and Groups",
              "semantic_match_score": 53.52
            },
            {
              "lecture_subtopic": "NO Suitable Match",
              "matched_with_syllabus_subtopic": "Creating Stock Items and Groups"
            },
            {
              "lecture_subtopic": "NO Suitable Match",
              "matched_with_syllabus_subtopic": "Vouchers Entry"
            },
            {
              "lecture_subtopic": "Overview of journal and ledger entries",
              "matched_with_syllabus_subtopic": "Generating Reports: Cash Book, Ledger Accounts, Trial Balance, Profit and Loss Account, Balance Sheet, Cash-Flow Statement",
              "semantic_match_score": 54.1
            },
            {
              "lecture_subtopic": "NO Suitable Match",
              "matched_with_syllabus_subtopic": "Selecting and shutting a Company"
            },
            {
              "lecture_subtopic": "NO Suitable Match",
              "matched_with_syllabus_subtopic": "Backup and Restore data of a Company"
            }
          ]
        },
        {
          "lecture_topic": "Evolution of Accounting",
          "topic_semantic_match_score": 64.53,
          "matched_subtopics": [
            {
              "lecture_subtopic": "Concepts and Principles of Accounting",
              "matched_with_syllabus_subtopic": "Computerized accounts using any popular accounting software",
              "semantic_match_score": 53.27
            },
            {
              "lecture_subtopic": "NO Suitable Match",
              "matched_with_syllabus_subtopic": "Creating a Company"
            },
            {
              "lecture_subtopic": "NO Suitable Match",
              "matched_with_syllabus_subtopic": "Configure and Features settings"
            },
            {
              "lecture_subtopic": "Concepts and Principles of Accounting",
              "matched_with_syllabus_subtopic": "Creating Accounting Ledgers and Groups",
              "semantic_match_score": 55.33
            },
            {
              "lecture_subtopic": "NO Suitable Match",
              "matched_with_syllabus_subtopic": "Creating Stock Items and Groups"
            },
            {
              "lecture_subtopic": "NO Suitable Match",
              "matched_with_syllabus_subtopic": "Vouchers Entry"
            },
            {
              "lecture_subtopic": "Concepts and Principles of Accounting",
              "matched_with_syllabus_subtopic": "Generating Reports: Cash Book, Ledger Accounts, Trial Balance, Profit and Loss Account, Balance Sheet, Cash-Flow Statement",
              "semantic_match_score": 52.76
            },
            {
              "lecture_subtopic": "NO Suitable Match",
              "matched_with_syllabus_subtopic": "Selecting and shutting a Company"
            },
            {
              "lecture_subtopic": "NO Suitable Match",
              "matched_with_syllabus_subtopic": "Backup and Restore data of a Company"
            }
          ]
        },
        {
          "lecture_topic": "Introduction to Financial Accounting",
          "topic_semantic_match_score": 62.54,
          "matched_subtopics": [
            {
              "lecture_subtopic": "NO Suitable Match",
              "matched_with_syllabus_subtopic": "Computerized accounts using any popular accounting software"
            },
            {
              "lecture_subtopic": "NO Suitable Match",
              "matched_with_syllabus_subtopic": "Creating a Company"
            },
            {
              "lecture_subtopic": "NO Suitable Match",
              "matched_with_syllabus_subtopic": "Configure and Features settings"
            },
            {
              "lecture_subtopic": "Role and Scope of Accounting",
              "matched_with_syllabus_subtopic": "Creating Accounting Ledgers and Groups",
              "semantic_match_score": 51.83
            },
            {
              "lecture_subtopic": "NO Suitable Match",
              "matched_with_syllabus_subtopic": "Creating Stock Items and Groups"
            },
            {
              "lecture_subtopic": "NO Suitable Match",
              "matched_with_syllabus_subtopic": "Vouchers Entry"
            },
            {
              "lecture_subtopic": "Understanding Financial Statements",
              "matched_with_syllabus_subtopic": "Generating Reports: Cash Book, Ledger Accounts, Trial Balance, Profit and Loss Account, Balance Sheet, Cash-Flow Statement",
              "semantic_match_score": 56.01
            },
            {
              "lecture_subtopic": "NO Suitable Match",
              "matched_with_syllabus_subtopic": "Selecting and shutting a Company"
            },
            {
              "lecture_subtopic": "NO Suitable Match",
              "matched_with_syllabus_subtopic": "Backup and Restore data of a Company"
            }
          ]
        },
        {
          "lecture_topic": "Accounting Standards and Principles",
          "topic_semantic_match_score": 59.7,
          "matched_subtopics": [
            {
              "lecture_subtopic": "Importance of Accounting Concepts",
              "matched_with_syllabus_subtopic": "Computerized accounts using any popular accounting software",
              "semantic_match_score": 51.47
            },
            {
              "lecture_subtopic": "NO Suitable Match",
              "matched_with_syllabus_subtopic": "Creating a Company"
            },
            {
              "lecture_subtopic": "NO Suitable Match",
              "matched_with_syllabus_subtopic": "Configure and Features settings"
            },
            {
              "lecture_subtopic": "Importance of Accounting Concepts",
              "matched_with_syllabus_subtopic": "Creating Accounting Ledgers and Groups",
              "semantic_match_score": 53.9
            },
            {
              "lecture_subtopic": "NO Suitable Match",
              "matched_with_syllabus_subtopic": "Creating Stock Items and Groups"
            },
            {
              "lecture_subtopic": "NO Suitable Match",
              "matched_with_syllabus_subtopic": "Vouchers Entry"
            },
            {
              "lecture_subtopic": "Importance of Accounting Concepts",
              "matched_with_syllabus_subtopic": "Generating Reports: Cash Book, Ledger Accounts, Trial Balance, Profit and Loss Account, Balance Sheet, Cash-Flow Statement",
              "semantic_match_score": 50.3
            },
            {
              "lecture_subtopic": "NO Suitable Match",
              "matched_with_syllabus_subtopic": "Selecting and shutting a Company"
            },
            {
              "lecture_subtopic": "NO Suitable Match",
              "matched_with_syllabus_subtopic": "Backup and Restore data of a Company"
            }
          ]
        },
        {
          "lecture_topic": "Financial Accounting Revision",
          "topic_semantic_match_score": 59.28,
          "matched_subtopics": [
            {
              "lecture_subtopic": "Accounting as a Language of Business",
              "matched_with_syllabus_subtopic": "Computerized accounts using any popular accounting software",
              "semantic_match_score": 51.45
            },
            {
              "lecture_subtopic": "NO Suitable Match",
              "matched_with_syllabus_subtopic": "Creating a Company"
            },
            {
              "lecture_subtopic": "NO Suitable Match",
              "matched_with_syllabus_subtopic": "Configure and Features settings"
            },
            {
              "lecture_subtopic": "NO Suitable Match",
              "matched_with_syllabus_subtopic": "Creating Accounting Ledgers and Groups"
            },
            {
              "lecture_subtopic": "NO Suitable Match",
              "matched_with_syllabus_subtopic": "Creating Stock Items and Groups"
            },
            {
              "lecture_subtopic": "NO Suitable Match",
              "matched_with_syllabus_subtopic": "Vouchers Entry"
            },
            {
              "lecture_subtopic": "Introduction to Balance Sheet",
              "matched_with_syllabus_subtopic": "Generating Reports: Cash Book, Ledger Accounts, Trial Balance, Profit and Loss Account, Balance Sheet, Cash-Flow Statement",
              "semantic_match_score": 58.33
            },
            {
              "lecture_subtopic": "NO Suitable Match",
              "matched_with_syllabus_subtopic": "Selecting and shutting a Company"
            },
            {
              "lecture_subtopic": "NO Suitable Match",
              "matched_with_syllabus_subtopic": "Backup and Restore data of a Company"
            }
          ]
        }
      ]
    },
    {
      "syllabus_topic": "Business Income, Accounting for Depreciation, and Inventory Valuation",
      "matched_lecture_topics": [
        {
          "lecture_topic": "Understanding Depreciation in Financial Accounting",
          "topic_semantic_match_score": 69.98,
          "matched_subtopics": [
            {
              "lecture_subtopic": "NO Suitable Match",
              "matched_with_syllabus_subtopic": "Concept of Revenue and Business Income; measurement of business income and objectives"
            },
            {
              "lecture_subtopic": "NO Suitable Match",
              "matched_with_syllabus_subtopic": "Relevance of accounting period, continuity doctrine and matching concept in measuring business income"
            },
            {
              "lecture_subtopic": "NO Suitable Match",
              "matched_with_syllabus_subtopic": "Revenue recognition: recognition of expenses and income with reference to AS 9 and Ind AS 18"
            },
            {
              "lecture_subtopic": "Concept of Depreciation and Amortization",
              "matched_with_syllabus_subtopic": "Nature of depreciation; accounting concept and factors in measurement of depreciation",
              "semantic_match_score": 81.76
            },
            {
              "lecture_subtopic": "Methods of Calculating Depreciation",
              "matched_with_syllabus_subtopic": "Methods of computing depreciation: straight-line method and diminishing-balance method",
              "semantic_match_score": 88.95
            },
            {
              "lecture_subtopic": "Methods of Calculating Depreciation",
              "matched_with_syllabus_subtopic": "Disposal of depreciable assets; change in method of depreciation and its impact on measurement of business income",
              "semantic_match_score": 74.37
            },
            {
              "lecture_subtopic": "Valuation of Inventory in Accounting",
              "matched_with_syllabus_subtopic": "Inventories: meaning and significance of inventory valuation",
              "semantic_match_score": 78.18
            },
            {
              "lecture_subtopic": "NO Suitable Match",
              "matched_with_syllabus_subtopic": "Inventory Record Systems: periodic and perpetual"
            },
            {
              "lecture_subtopic": "Valuation of Inventory in Accounting",
              "matched_with_syllabus_subtopic": "Inventory valuation methods: FIFO, LIFO and Weighted Average",
              "semantic_match_score": 74.71
            },
            {
              "lecture_subtopic": "Valuation of Inventory in Accounting",
              "matched_with_syllabus_subtopic": "Application of accounting standards to inventory valuation and its impact on measurement of business income",
              "semantic_match_score": 85.11
            }
          ]
        },
        {
          "lecture_topic": "Introduction to Financial Accounting",
          "topic_semantic_match_score": 53.42,
          "matched_subtopics": [
            {
              "lecture_subtopic": "NO Suitable Match",
              "matched_with_syllabus_subtopic": "Concept of Revenue and Business Income; measurement of business income and objectives"
            },
            {
              "lecture_subtopic": "Role and Scope of Accounting",
              "matched_with_syllabus_subtopic": "Relevance of accounting period, continuity doctrine and matching concept in measuring business income",
              "semantic_match_score": 56.36
            },
            {
              "lecture_subtopic": "NO Suitable Match",
              "matched_with_syllabus_subtopic": "Revenue recognition: recognition of expenses and income with reference to AS 9 and Ind AS 18"
            },
            {
              "lecture_subtopic": "Role and Scope of Accounting",
              "matched_with_syllabus_subtopic": "Nature of depreciation; accounting concept and factors in measurement of depreciation",
              "semantic_match_score": 50.88
            },
            {
              "lecture_subtopic": "NO Suitable Match",
              "matched_with_syllabus_subtopic": "Methods of computing depreciation: straight-line method and diminishing-balance method"
            },
            {
              "lecture_subtopic": "NO Suitable Match",
              "matched_with_syllabus_subtopic": "Disposal of depreciable assets; change in method of depreciation and its impact on measurement of business income"
            },
            {
              "lecture_subtopic": "NO Suitable Match",
              "matched_with_syllabus_subtopic": "Inventories: meaning and significance of inventory valuation"
            },
            {
              "lecture_subtopic": "NO Suitable Match",
              "matched_with_syllabus_subtopic": "Inventory Record Systems: periodic and perpetual"
            },
            {
              "lecture_subtopic": "NO Suitable Match",
              "matched_with_syllabus_subtopic": "Inventory valuation methods: FIFO, LIFO and Weighted Average"
            },
            {
              "lecture_subtopic": "Role and Scope of Accounting",
              "matched_with_syllabus_subtopic": "Application of accounting standards to inventory valuation and its impact on measurement of business income",
              "semantic_match_score": 53.08
            }
          ]
        },
        {
          "lecture_topic": "Zee Case: Profit & Loss and Balance Sheet",
          "topic_semantic_match_score": 50.97,
          "matched_subtopics": [
            {
              "lecture_subtopic": "NO Suitable Match",
              "matched_with_syllabus_subtopic": "Concept of Revenue and Business Income; measurement of business income and objectives"
            },
            {
              "lecture_subtopic": "NO Suitable Match",
              "matched_with_syllabus_subtopic": "Relevance of accounting period, continuity doctrine and matching concept in measuring business income"
            },
            {
              "lecture_subtopic": "NO Suitable Match",
              "matched_with_syllabus_subtopic": "Revenue recognition: recognition of expenses and income with reference to AS 9 and Ind AS 18"
            },
            {
              "lecture_subtopic": "Depreciation and Amortisation in Profit & Loss Account",
              "matched_with_syllabus_subtopic": "Nature of depreciation; accounting concept and factors in measurement of depreciation",
              "semantic_match_score": 75.35
            },
            {
              "lecture_subtopic": "Depreciation and Amortisation in Profit & Loss Account",
              "matched_with_syllabus_subtopic": "Methods of computing depreciation: straight-line method and diminishing-balance method",
              "semantic_match_score": 63.09
            },
            {
              "lecture_subtopic": "Depreciation and Amortisation in Profit & Loss Account",
              "matched_with_syllabus_subtopic": "Disposal of depreciable assets; change in method of depreciation and its impact on measurement of business income",
              "semantic_match_score": 66.07
            },
            {
              "lecture_subtopic": "NO Suitable Match",
              "matched_with_syllabus_subtopic": "Inventories: meaning and significance of inventory valuation"
            },
            {
              "lecture_subtopic": "NO Suitable Match",
              "matched_with_syllabus_subtopic": "Inventory Record Systems: periodic and perpetual"
            },
            {
              "lecture_subtopic": "NO Suitable Match",
              "matched_with_syllabus_subtopic": "Inventory valuation methods: FIFO, LIFO and Weighted Average"
            },
            {
              "lecture_subtopic": "Introduction to Balance Sheet and Profit & Loss",
              "matched_with_syllabus_subtopic": "Application of accounting standards to inventory valuation and its impact on measurement of business income",
              "semantic_match_score": 50.79
            }
          ]
        },
        {
          "lecture_topic": "Inventory Valuation in Financial Accounting",
          "topic_semantic_match_score": 79.29,
          "matched_subtopics": [
            {
              "lecture_subtopic": "NO Suitable Match",
              "matched_with_syllabus_subtopic": "Concept of Revenue and Business Income; measurement of business income and objectives"
            },
            {
              "lecture_subtopic": "NO Suitable Match",
              "matched_with_syllabus_subtopic": "Relevance of accounting period, continuity doctrine and matching concept in measuring business income"
            },
            {
              "lecture_subtopic": "NO Suitable Match",
              "matched_with_syllabus_subtopic": "Revenue recognition: recognition of expenses and income with reference to AS 9 and Ind AS 18"
            },
            {
              "lecture_subtopic": "NO Suitable Match",
              "matched_with_syllabus_subtopic": "Nature of depreciation; accounting concept and factors in measurement of depreciation"
            },
            {
              "lecture_subtopic": "NO Suitable Match",
              "matched_with_syllabus_subtopic": "Methods of computing depreciation: straight-line method and diminishing-balance method"
            },
            {
              "lecture_subtopic": "NO Suitable Match",
              "matched_with_syllabus_subtopic": "Disposal of depreciable assets; change in method of depreciation and its impact on measurement of business income"
            },
            {
              "lecture_subtopic": "Inventory Valuation Methods",
              "matched_with_syllabus_subtopic": "Inventories: meaning and significance of inventory valuation",
              "semantic_match_score": 79.28
            },
            {
              "lecture_subtopic": "Definition and Understanding of Inventory",
              "matched_with_syllabus_subtopic": "Inventory Record Systems: periodic and perpetual",
              "semantic_match_score": 59.95
            },
            {
              "lecture_subtopic": "Inventory Valuation Methods",
              "matched_with_syllabus_subtopic": "Inventory valuation methods: FIFO, LIFO and Weighted Average",
              "semantic_match_score": 82.86
            },
            {
              "lecture_subtopic": "Inventory Valuation Methods",
              "matched_with_syllabus_subtopic": "Application of accounting standards to inventory valuation and its impact on measurement of business income",
              "semantic_match_score": 72.52
            }
          ]
        },
        {
          "lecture_topic": "Accounting Standards and Principles",
          "topic_semantic_match_score": 50.51,
          "matched_subtopics": [
            {
              "lecture_subtopic": "The Business Entity Concept in Accounting",
              "matched_with_syllabus_subtopic": "Concept of Revenue and Business Income; measurement of business income and objectives",
              "semantic_match_score": 52.28
            },
            {
              "lecture_subtopic": "Importance of Accounting Concepts",
              "matched_with_syllabus_subtopic": "Relevance of accounting period, continuity doctrine and matching concept in measuring business income",
              "semantic_match_score": 59.2
            },
            {
              "lecture_subtopic": "NO Suitable Match",
              "matched_with_syllabus_subtopic": "Revenue recognition: recognition of expenses and income with reference to AS 9 and Ind AS 18"
            },
            {
              "lecture_subtopic": "Importance of Accounting Concepts",
              "matched_with_syllabus_subtopic": "Nature of depreciation; accounting concept and factors in measurement of depreciation",
              "semantic_match_score": 54.18
            },
            {
              "lecture_subtopic": "NO Suitable Match",
              "matched_with_syllabus_subtopic": "Methods of computing depreciation: straight-line method and diminishing-balance method"
            },
            {
              "lecture_subtopic": "NO Suitable Match",
              "matched_with_syllabus_subtopic": "Disposal of depreciable assets; change in method of depreciation and its impact on measurement of business income"
            },
            {
              "lecture_subtopic": "NO Suitable Match",
              "matched_with_syllabus_subtopic": "Inventories: meaning and significance of inventory valuation"
            },
            {
              "lecture_subtopic": "NO Suitable Match",
              "matched_with_syllabus_subtopic": "Inventory Record Systems: periodic and perpetual"
            },
            {
              "lecture_subtopic": "NO Suitable Match",
              "matched_with_syllabus_subtopic": "Inventory valuation methods: FIFO, LIFO and Weighted Average"
            },
            {
              "lecture_subtopic": "Understanding Accounting Principles and Standards",
              "matched_with_syllabus_subtopic": "Application of accounting standards to inventory valuation and its impact on measurement of business income",
              "semantic_match_score": 61.01
            }
          ]
        },
        {
          "lecture_topic": "Financial Accounting Revision",
          "topic_semantic_match_score": 51.59,
          "matched_subtopics": [
            {
              "lecture_subtopic": "Assets and Liabilities in Business",
              "matched_with_syllabus_subtopic": "Concept of Revenue and Business Income; measurement of business income and objectives",
              "semantic_match_score": 59.06
            },
            {
              "lecture_subtopic": "Accounting as a Language of Business",
              "matched_with_syllabus_subtopic": "Relevance of accounting period, continuity doctrine and matching concept in measuring business income",
              "semantic_match_score": 57.38
            },
            {
              "lecture_subtopic": "NO Suitable Match",
              "matched_with_syllabus_subtopic": "Revenue recognition: recognition of expenses and income with reference to AS 9 and Ind AS 18"
            },
            {
              "lecture_subtopic": "NO Suitable Match",
              "matched_with_syllabus_subtopic": "Nature of depreciation; accounting concept and factors in measurement of depreciation"
            },
            {
              "lecture_subtopic": "NO Suitable Match",
              "matched_with_syllabus_subtopic": "Methods of computing depreciation: straight-line method and diminishing-balance method"
            },
            {
              "lecture_subtopic": "Assets and Liabilities in Business",
              "matched_with_syllabus_subtopic": "Disposal of depreciable assets; change in method of depreciation and its impact on measurement of business income",
              "semantic_match_score": 56.81
            },
            {
              "lecture_subtopic": "NO Suitable Match",
              "matched_with_syllabus_subtopic": "Inventories: meaning and significance of inventory valuation"
            },
            {
              "lecture_subtopic": "NO Suitable Match",
              "matched_with_syllabus_subtopic": "Inventory Record Systems: periodic and perpetual"
            },
            {
              "lecture_subtopic": "NO Suitable Match",
              "matched_with_syllabus_subtopic": "Inventory valuation methods: FIFO, LIFO and Weighted Average"
            },
            {
              "lecture_subtopic": "Accounting as a Language of Business",
              "matched_with_syllabus_subtopic": "Application of accounting standards to inventory valuation and its impact on measurement of business income",
              "semantic_match_score": 56.36
            }
          ]
        }
      ]
    },
    {
      "syllabus_topic": "Financial Statements of Sole Proprietorship and Partnership Firms",
      "matched_lecture_topics": [
        {
          "lecture_topic": "Corporate Governance in Financial Accounting",
          "topic_semantic_match_score": 51.62,
          "matched_subtopics": [
            {
              "lecture_subtopic": "NO Suitable Match",
              "matched_with_syllabus_subtopic": "Capital and revenue expenditures and receipts: general introduction"
            },
            {
              "lecture_subtopic": "NO Suitable Match",
              "matched_with_syllabus_subtopic": "Preparation of financial statements of non-corporate business entities – Sole-Proprietorship and Partnership firms (manual and using appropriate software)"
            }
          ]
        }
      ]
    },
    {
      "syllabus_topic": "Accounting for Branch and Not-for-Profit Organisations",
      "matched_lecture_topics": [
        {
          "lecture_topic": "Evolution of Accounting",
          "topic_semantic_match_score": 51.02,
          "matched_subtopics": [
            {
              "lecture_subtopic": "NO Suitable Match",
              "matched_with_syllabus_subtopic": "Concept of dependent branches"
            },
            {
              "lecture_subtopic": "Concepts and Principles of Accounting",
              "matched_with_syllabus_subtopic": "Branch-accounting systems: debtors system, stock-and-debtors system, branch final-account system and wholesale-basis system",
              "semantic_match_score": 58.68
            },
            {
              "lecture_subtopic": "Concepts and Principles of Accounting",
              "matched_with_syllabus_subtopic": "Independent branches: concept and accounting treatment with necessary adjustment entries",
              "semantic_match_score": 64.33
            },
            {
              "lecture_subtopic": "NO Suitable Match",
              "matched_with_syllabus_subtopic": "Incorporation of Branch Trial Balance in Head-Office books for home branches"
            }
          ]
        },
        {
          "lecture_topic": "Understanding Profit and Loss Account",
          "topic_semantic_match_score": 50.54,
          "matched_subtopics": [
            {
              "lecture_subtopic": "NO Suitable Match",
              "matched_with_syllabus_subtopic": "Concept of dependent branches"
            },
            {
              "lecture_subtopic": "NO Suitable Match",
              "matched_with_syllabus_subtopic": "Branch-accounting systems: debtors system, stock-and-debtors system, branch final-account system and wholesale-basis system"
            },
            {
              "lecture_subtopic": "NO Suitable Match",
              "matched_with_syllabus_subtopic": "Independent branches: concept and accounting treatment with necessary adjustment entries"
            },
            {
              "lecture_subtopic": "NO Suitable Match",
              "matched_with_syllabus_subtopic": "Incorporation of Branch Trial Balance in Head-Office books for home branches"
            }
          ]
        },
        {
          "lecture_topic": "Corporate Governance in Financial Accounting",
          "topic_semantic_match_score": 55.8,
          "matched_subtopics": [
            {
              "lecture_subtopic": "NO Suitable Match",
              "matched_with_syllabus_subtopic": "Concept of dependent branches"
            },
            {
              "lecture_subtopic": "NO Suitable Match",
              "matched_with_syllabus_subtopic": "Branch-accounting systems: debtors system, stock-and-debtors system, branch final-account system and wholesale-basis system"
            },
            {
              "lecture_subtopic": "NO Suitable Match",
              "matched_with_syllabus_subtopic": "Independent branches: concept and accounting treatment with necessary adjustment entries"
            },
            {
              "lecture_subtopic": "NO Suitable Match",
              "matched_with_syllabus_subtopic": "Incorporation of Branch Trial Balance in Head-Office books for home branches"
            }
          ]
        },
        {
          "lecture_topic": "Introduction to Financial Accounting",
          "topic_semantic_match_score": 50.43,
          "matched_subtopics": [
            {
              "lecture_subtopic": "NO Suitable Match",
              "matched_with_syllabus_subtopic": "Concept of dependent branches"
            },
            {
              "lecture_subtopic": "Role and Scope of Accounting",
              "matched_with_syllabus_subtopic": "Branch-accounting systems: debtors system, stock-and-debtors system, branch final-account system and wholesale-basis system",
              "semantic_match_score": 56.07
            },
            {
              "lecture_subtopic": "Role and Scope of Accounting",
              "matched_with_syllabus_subtopic": "Independent branches: concept and accounting treatment with necessary adjustment entries",
              "semantic_match_score": 63.38
            },
            {
              "lecture_subtopic": "NO Suitable Match",
              "matched_with_syllabus_subtopic": "Incorporation of Branch Trial Balance in Head-Office books for home branches"
            }
          ]
        },
        {
          "lecture_topic": "Profit and Loss Account Preparation",
          "topic_semantic_match_score": 53.95,
          "matched_subtopics": [
            {
              "lecture_subtopic": "NO Suitable Match",
              "matched_with_syllabus_subtopic": "Concept of dependent branches"
            },
            {
              "lecture_subtopic": "NO Suitable Match",
              "matched_with_syllabus_subtopic": "Branch-accounting systems: debtors system, stock-and-debtors system, branch final-account system and wholesale-basis system"
            },
            {
              "lecture_subtopic": "NO Suitable Match",
              "matched_with_syllabus_subtopic": "Independent branches: concept and accounting treatment with necessary adjustment entries"
            },
            {
              "lecture_subtopic": "NO Suitable Match",
              "matched_with_syllabus_subtopic": "Incorporation of Branch Trial Balance in Head-Office books for home branches"
            }
          ]
        },
        {
          "lecture_topic": "Accounting Standards and Principles",
          "topic_semantic_match_score": 52.28,
          "matched_subtopics": [
            {
              "lecture_subtopic": "NO Suitable Match",
              "matched_with_syllabus_subtopic": "Concept of dependent branches"
            },
            {
              "lecture_subtopic": "Importance of Accounting Concepts",
              "matched_with_syllabus_subtopic": "Branch-accounting systems: debtors system, stock-and-debtors system, branch final-account system and wholesale-basis system",
              "semantic_match_score": 56.22
            },
            {
              "lecture_subtopic": "Importance of Accounting Concepts",
              "matched_with_syllabus_subtopic": "Independent branches: concept and accounting treatment with necessary adjustment entries",
              "semantic_match_score": 58.59
            },
            {
              "lecture_subtopic": "NO Suitable Match",
              "matched_with_syllabus_subtopic": "Incorporation of Branch Trial Balance in Head-Office books for home branches"
            }
          ]
        }
      ]
    }
  ],
  "average_topic_semantic_score": 77.41,
  "average_subtopic_semantic_score": 82.22
}