{
  "course": "Financial Accounting",
  "topics": [
    {
      "syllabus_topic": "Theoretical Framework",
      "syllabus_subtopics": [
        "Accounting as an information system, the users of financial accounting information and their needs",
        "Qualitative characteristics of accounting information",
        "Functions, advantages and limitations of accounting",
        "Branches of accounting",
        "Bases of accounting: cash basis and accrual basis",
        "Financial accounting principles: meaning and need",
        "Generally Accepted Accounting Principles: entity, money measurement, going concern, cost, revenue recognition, realization, accruals, periodicity, consistency, prudence (conservatism), materiality and full disclosure",
        "Accounting standards: concept, benefits and process of formulation of accounting standards including Ind AS (IFRS-converged standards) and IFRSs; convergence vs. adoption; application of AS and Ind AS on various entities in India",
        "International Financial Reporting Standards (IFRS): meaning, need and scope; process of issuing IFRS"
      ]
    },
    {
      "syllabus_topic": "Accounting Process",
      "syllabus_subtopics": [
        "Recording of a business transaction through to preparation of trial balance, including adjustments",
        "Application of Generally Accepted Accounting Principles in recording financial transactions and preparing financial statements"
      ]
    },
    {
      "syllabus_topic": "Computerized Accounting Systems",
      "syllabus_subtopics": [
        "Computerized accounts using any popular accounting software",
        "Creating a Company",
        "Configure and Features settings",
        "Creating Accounting Ledgers and Groups",
        "Creating Stock Items and Groups",
        "Vouchers Entry",
        "Generating Reports: Cash Book, Ledger Accounts, Trial Balance, Profit and Loss Account, Balance Sheet, Cash-Flow Statement",
        "Selecting and shutting a Company",
        "Backup and Restore data of a Company"
      ]
    },
    {
      "syllabus_topic": "Business Income, Accounting for Depreciation, and Inventory Valuation",
      "syllabus_subtopics": [
        "Concept of Revenue and Business Income; measurement of business income and objectives",
        "Relevance of accounting period, continuity doctrine and matching concept in measuring business income",
        "Revenue recognition: recognition of expenses and income with reference to AS 9 and Ind AS 18",
        "Nature of depreciation; accounting concept and factors in measurement of depreciation",
        "Methods of computing depreciation: straight-line method and diminishing-balance method",
        "Disposal of depreciable assets; change in method of depreciation and its impact on measurement of business income",
        "Inventories: meaning and significance of inventory valuation",
        "Inventory Record Systems: periodic and perpetual",
        "Inventory valuation methods: FIFO, LIFO and Weighted Average",
        "Application of accounting standards to inventory valuation and its impact on measurement of business income"
      ]
    },
    {
      "syllabus_topic": "Financial Statements of Sole Proprietorship and Partnership Firms",
      "syllabus_subtopics": [
        "Capital and revenue expenditures and receipts: general introduction",
        "Preparation of financial statements of non-corporate business entities – Sole-Proprietorship and Partnership firms (manual and using appropriate software)"
      ]
    },
    {
      "syllabus_topic": "Accounting for Branch and Not-for-Profit Organisations",
      "syllabus_subtopics": [
        "Concept of dependent branches",
        "Branch-accounting systems: debtors system, stock-and-debtors system, branch final-account system and wholesale-basis system",
        "Independent branches: concept and accounting treatment with necessary adjustment entries",
        "Incorporation of Branch Trial Balance in Head-Office books for home branches"
      ]
    }
  ]
}
